/**
 * generated by fontconvert.py
 * name: notosans_48_emoji
 * size: 48
 * mode: 1-bit
 * Command used: fontconvert.py notosans_48_emoji 48 ../builtinFonts/source/NotoSans/NotoSans-Regular.ttf
 * /System/Library/Fonts/Apple Symbols.ttf /System/Library/Fonts/Supplemental/Arial Unicode.ttf --only-additional
 * --additional-intervals 0x2654,0x265F --additional-intervals 0x2680,0x2685 --additional-intervals 0x2190,0x2199
 * --additional-intervals 0x0030,0x0039 --additional-intervals 0x25EF,0x25EF --additional-intervals 0x25CE,0x25CE
 */
#pragma once
#include "EpdFontData.h"

static const uint8_t notosans_48_emojiBitmaps[17501] = {
    0x00, 0x00, 0x0F, 0xF8, 0x00, 0x00, 0x00, 0x00, 0x7F, 0xFF, 0xC0, 0x00, 0x00, 0x00, 0xFF, 0xFF, 0xF8, 0x00, 0x00,
    0x01, 0xFF, 0xFF, 0xFF, 0x00, 0x00, 0x01, 0xFF, 0xFF, 0xFF, 0xC0, 0x00, 0x01, 0xFF, 0xFF, 0xFF, 0xF0, 0x00, 0x01,
    0xFF, 0xFF, 0xFF, 0xFC, 0x00, 0x01, 0xFF, 0xFF, 0xFF, 0xFF, 0x00, 0x01, 0xFF, 0xFE, 0x3F, 0xFF, 0xC0, 0x01, 0xFF,
    0xF0, 0x01, 0xFF, 0xE0, 0x00, 0xFF, 0xE0, 0x00, 0x3F, 0xF8, 0x00, 0xFF, 0xE0, 0x00, 0x0F, 0xFE, 0x00, 0x7F, 0xE0,
    0x00, 0x03, 0xFF, 0x00, 0x7F, 0xE0, 0x00, 0x00, 0xFF, 0xC0, 0x3F, 0xF0, 0x00, 0x00, 0x7F, 0xE0, 0x3F, 0xF0, 0x00,
    0x00, 0x1F, 0xF0, 0x1F, 0xF8, 0x00, 0x00, 0x0F, 0xFC, 0x0F, 0xFC, 0x00, 0x00, 0x03, 0xFE, 0x07, 0xFC, 0x00, 0x00,
    0x01, 0xFF, 0x07, 0xFE, 0x00, 0x00, 0x00, 0xFF, 0xC3, 0xFF, 0x00, 0x00, 0x00, 0x7F, 0xE1, 0xFF, 0x00, 0x00, 0x00,
    0x1F, 0xF0, 0xFF, 0x80, 0x00, 0x00, 0x0F, 0xF8, 0x7F, 0xC0, 0x00, 0x00, 0x07, 0xFE, 0x7F, 0xE0, 0x00, 0x00, 0x03,
    0xFF, 0x3F, 0xF0, 0x00, 0x00, 0x01, 0xFF, 0x9F, 0xF8, 0x00, 0x00, 0x00, 0xFF, 0xCF, 0xFC, 0x00, 0x00, 0x00, 0x3F,
    0xE7, 0xFC, 0x00, 0x00, 0x00, 0x1F, 0xF3, 0xFE, 0x00, 0x00, 0x00, 0x0F, 0xF9, 0xFF, 0x00, 0x00, 0x00, 0x07, 0xFC,
    0xFF, 0x80, 0x00, 0x00, 0x03, 0xFE, 0x7F, 0xC0, 0x00, 0x00, 0x01, 0xFF, 0xBF, 0xE0, 0x00, 0x00, 0x00, 0xFF, 0xDF,
    0xF0, 0x00, 0x00, 0x00, 0x7F, 0xEF, 0xF8, 0x00, 0x00, 0x00, 0x3F, 0xF7, 0xFC, 0x00, 0x00, 0x00, 0x1F, 0xFB, 0xFE,
    0x00, 0x00, 0x00, 0x0F, 0xFD, 0xFF, 0x00, 0x00, 0x00, 0x07, 0xFE, 0xFF, 0x80, 0x00, 0x00, 0x03, 0xFF, 0x7F, 0xC0,
    0x00, 0x00, 0x01, 0xFF, 0xBF, 0xE0, 0x00, 0x00, 0x00, 0xFF, 0xDF, 0xF0, 0x00, 0x00, 0x00, 0x7F, 0xEF, 0xF8, 0x00,
    0x00, 0x00, 0x3F, 0xE7, 0xFC, 0x00, 0x00, 0x00, 0x1F, 0xF3, 0xFE, 0x00, 0x00, 0x00, 0x0F, 0xF9, 0xFF, 0x00, 0x00,
    0x00, 0x07, 0xFC, 0xFF, 0xC0, 0x00, 0x00, 0x03, 0xFE, 0x7F, 0xE0, 0x00, 0x00, 0x03, 0xFF, 0x3F, 0xF0, 0x00, 0x00,
    0x01, 0xFF, 0x8F, 0xF8, 0x00, 0x00, 0x00, 0xFF, 0xC7, 0xFC, 0x00, 0x00, 0x00, 0x7F, 0xE3, 0xFE, 0x00, 0x00, 0x00,
    0x3F, 0xE1, 0xFF, 0x80, 0x00, 0x00, 0x1F, 0xF0, 0xFF, 0xC0, 0x00, 0x00, 0x1F, 0xF8, 0x3F, 0xE0, 0x00, 0x00, 0x0F,
    0xFC, 0x1F, 0xF0, 0x00, 0x00, 0x07, 0xFC, 0x0F, 0xFC, 0x00, 0x00, 0x07, 0xFE, 0x03, 0xFE, 0x00, 0x00, 0x03, 0xFF,
    0x01, 0xFF, 0x80, 0x00, 0x03, 0xFF, 0x80, 0xFF, 0xC0, 0x00, 0x01, 0xFF, 0x80, 0x3F, 0xF0, 0x00, 0x01, 0xFF, 0xC0,
    0x1F, 0xFC, 0x00, 0x01, 0xFF, 0xC0, 0x07, 0xFF, 0x00, 0x01, 0xFF, 0xE0, 0x03, 0xFF, 0xC0, 0x01, 0xFF, 0xE0, 0x00,
    0xFF, 0xF8, 0x03, 0xFF, 0xE0, 0x00, 0x3F, 0xFF, 0xFF, 0xFF, 0xF0, 0x00, 0x0F, 0xFF, 0xFF, 0xFF, 0xF0, 0x00, 0x03,
    0xFF, 0xFF, 0xFF, 0xF0, 0x00, 0x00, 0xFF, 0xFF, 0xFF, 0xF0, 0x00, 0x00, 0x3F, 0xFF, 0xFF, 0xF0, 0x00, 0x00, 0x0F,
    0xFF, 0xFF, 0xE0, 0x00, 0x00, 0x01, 0xFF, 0xFF, 0xC0, 0x00, 0x00, 0x00, 0x1F, 0xFF, 0x00, 0x00, 0x00, 0x00, 0x00,
    0x0F, 0xF0, 0x00, 0x03, 0xFF, 0x00, 0x00, 0x7F, 0xF0, 0x00, 0x0F, 0xFF, 0x00, 0x01, 0xFF, 0xF0, 0x00, 0x7F, 0xFF,
    0x00, 0x0F, 0xFF, 0xF0, 0x01, 0xFF, 0xFF, 0x00, 0x7F, 0xFF, 0xF0, 0x0F, 0xFF, 0xFF, 0x01, 0xFF, 0xFF, 0xF0, 0x3F,
    0xFD, 0xFF, 0x0F, 0xFF, 0x9F, 0xF1, 0xFF, 0xF1, 0xFF, 0x3F, 0xFE, 0x1F, 0xF7, 0xFF, 0x81, 0xFF, 0x7F, 0xF0, 0x1F,
    0xF3, 0xFE, 0x01, 0xFF, 0x1F, 0xC0, 0x1F, 0xF1, 0xF8, 0x01, 0xFF, 0x0E, 0x00, 0x1F, 0xF0, 0x40, 0x01, 0xFF, 0x00,
    0x00, 0x1F, 0xF0, 0x00, 0x01, 0xFF, 0x00, 0x00, 0x1F, 0xF0, 0x00, 0x01, 0xFF, 0x00, 0x00, 0x1F, 0xF0, 0x00, 0x01,
    0xFF, 0x00, 0x00, 0x1F, 0xF0, 0x00, 0x01, 0xFF, 0x00, 0x00, 0x1F, 0xF0, 0x00, 0x01, 0xFF, 0x00, 0x00, 0x1F, 0xF0,
    0x00, 0x01, 0xFF, 0x00, 0x00, 0x1F, 0xF0, 0x00, 0x01, 0xFF, 0x00, 0x00, 0x1F, 0xF0, 0x00, 0x01, 0xFF, 0x00, 0x00,
    0x1F, 0xF0, 0x00, 0x01, 0xFF, 0x00, 0x00, 0x1F, 0xF0, 0x00, 0x01, 0xFF, 0x00, 0x00, 0x1F, 0xF0, 0x00, 0x01, 0xFF,
    0x00, 0x00, 0x1F, 0xF0, 0x00, 0x01, 0xFF, 0x00, 0x00, 0x1F, 0xF0, 0x00, 0x01, 0xFF, 0x00, 0x00, 0x1F, 0xF0, 0x00,
    0x01, 0xFF, 0x00, 0x00, 0x1F, 0xF0, 0x00, 0x01, 0xFF, 0x00, 0x00, 0x1F, 0xF0, 0x00, 0x01, 0xFF, 0x00, 0x00, 0x1F,
    0xF0, 0x00, 0x01, 0xFF, 0x00, 0x00, 0x1F, 0xF0, 0x00, 0x01, 0xFF, 0x00, 0x00, 0x1F, 0xF0, 0x00, 0x01, 0xFF, 0x00,
    0x00, 0x1F, 0xF0, 0x00, 0x01, 0xFF, 0x00, 0x00, 0x1F, 0xF0, 0x00, 0x01, 0xFF, 0x00, 0x00, 0x1F, 0xF0, 0x00, 0x01,
    0xFF, 0x00, 0x00, 0x1F, 0xF0, 0x00, 0x01, 0xFF, 0x00, 0x00, 0x1F, 0xF0, 0x00, 0x01, 0xFF, 0x00, 0x00, 0x1F, 0xF0,
    0x00, 0x01, 0xFF, 0x00, 0x00, 0x1F, 0xF0, 0x00, 0x00, 0x00, 0x03, 0xFF, 0xFF, 0x00, 0x00, 0x00, 0x0F, 0xFF, 0xFF,
    0xE0, 0x00, 0x00, 0x7F, 0xFF, 0xFF, 0xF8, 0x00, 0x01, 0xFF, 0xFF, 0xFF, 0xFC, 0x00, 0x03, 0xFF, 0xFF, 0xFF, 0xFF,
    0x00, 0x0F, 0xFF, 0xFF, 0xFF, 0xFF, 0x80, 0x1F, 0xFF, 0xFF, 0xFF, 0xFF, 0x80, 0x3F, 0xFF, 0xFC, 0xFF, 0xFF, 0xC0,
    0x3F, 0xFF, 0x00, 0x07, 0xFF, 0xE0, 0x3F, 0xFC, 0x00, 0x01, 0xFF, 0xE0, 0x1F, 0xF0, 0x00, 0x00, 0xFF, 0xF0, 0x0F,
    0xC0, 0x00, 0x00, 0x7F, 0xF0, 0x07, 0x80, 0x00, 0x00, 0x3F, 0xF8, 0x02, 0x00, 0x00, 0x00, 0x1F, 0xF8, 0x00, 0x00,
    0x00, 0x00, 0x1F, 0xF8, 0x00, 0x00, 0x00, 0x00, 0x1F, 0xF8, 0x00, 0x00, 0x00, 0x00, 0x0F, 0xF8, 0x00, 0x00, 0x00,
    0x00, 0x0F, 0xF8, 0x00, 0x00, 0x00, 0x00, 0x0F, 0xF8, 0x00, 0x00, 0x00, 0x00, 0x0F, 0xF8, 0x00, 0x00, 0x00, 0x00,
    0x0F, 0xF8, 0x00, 0x00, 0x00, 0x00, 0x0F, 0xF8, 0x00, 0x00, 0x00, 0x00, 0x1F, 0xF8, 0x00, 0x00, 0x00, 0x00, 0x1F,
    0xF8, 0x00, 0x00, 0x00, 0x00, 0x1F, 0xF8, 0x00, 0x00, 0x00, 0x00, 0x1F, 0xF8, 0x00, 0x00, 0x00, 0x00, 0x3F, 0xF0,
    0x00, 0x00, 0x00, 0x00, 0x3F, 0xF0, 0x00, 0x00, 0x00, 0x00, 0x3F, 0xE0, 0x00, 0x00, 0x00, 0x00, 0x7F, 0xE0, 0x00,
    0x00, 0x00, 0x00, 0xFF, 0xE0, 0x00, 0x00, 0x00, 0x00, 0xFF, 0xC0, 0x00, 0x00, 0x00, 0x01, 0xFF, 0x80, 0x00, 0x00,
    0x00, 0x03, 0xFF, 0x80, 0x00, 0x00, 0x00, 0x03, 0xFF, 0x00, 0x00, 0x00, 0x00, 0x07, 0xFE, 0x00, 0x00, 0x00, 0x00,
    0x0F, 0xFE, 0x00, 0x00, 0x00, 0x00, 0x1F, 0xFC, 0x00, 0x00, 0x00, 0x00, 0x3F, 0xF8, 0x00, 0x00, 0x00, 0x00, 0x7F,
    0xF0, 0x00, 0x00, 0x00, 0x00, 0xFF, 0xE0, 0x00, 0x00, 0x00, 0x01, 0xFF, 0xC0, 0x00, 0x00, 0x00, 0x03, 0xFF, 0xC0,
    0x00, 0x00, 0x00, 0x07, 0xFF, 0x80, 0x00, 0x00, 0x00, 0x0F, 0xFF, 0x00, 0x00, 0x00, 0x00, 0x1F, 0xFE, 0x00, 0x00,
    0x00, 0x00, 0x3F, 0xFC, 0x00, 0x00, 0x00, 0x00, 0x7F, 0xF8, 0x00, 0x00, 0x00, 0x00, 0xFF, 0xF0, 0x00, 0x00, 0x00,
    0x01, 0xFF, 0xE0, 0x00, 0x00, 0x00, 0x03, 0xFF, 0xC0, 0x00, 0x00, 0x00, 0x07, 0xFF, 0x80, 0x00, 0x00, 0x00, 0x0F,
    0xFF, 0x00, 0x00, 0x00, 0x00, 0x1F, 0xFE, 0x00, 0x00, 0x00, 0x00, 0x3F, 0xFC, 0x00, 0x00, 0x00, 0x00, 0x7F, 0xF8,
    0x00, 0x00, 0x00, 0x00, 0xFF, 0xF0, 0x00, 0x00, 0x00, 0x01, 0xFF, 0xE0, 0x00, 0x00, 0x00, 0x03, 0xFF, 0xC0, 0x00,
    0x00, 0x00, 0x07, 0xFF, 0x80, 0x00, 0x00, 0x00, 0x0F, 0xFF, 0x00, 0x00, 0x00, 0x00, 0x1F, 0xFE, 0x00, 0x00, 0x00,
    0x00, 0x3F, 0xFC, 0x00, 0x00, 0x00, 0x00, 0x7F, 0xF8, 0x00, 0x00, 0x00, 0x00, 0x7F, 0xFF, 0xFF, 0xFF, 0xFF, 0xFF,
    0xFF, 0xFF, 0xFF, 0xFF, 0xFF, 0xFF, 0xFF, 0xFF, 0xFF, 0xFF, 0xFF, 0xFF, 0xFF, 0xFF, 0xFF, 0xFF, 0xFF, 0xFF, 0xFF,
    0xFF, 0xFF, 0xFF, 0xFF, 0xFF, 0xFF, 0xFF, 0xFF, 0xFF, 0xFF, 0xFF, 0xFF, 0xFF, 0xFF, 0xFF, 0xFF, 0xFF, 0xFF, 0xFF,
    0xFF, 0xFF, 0xFF, 0xFF, 0x00, 0x00, 0x3F, 0xF0, 0x00, 0x00, 0x00, 0x07, 0xFF, 0xFF, 0x80, 0x00, 0x00, 0x3F, 0xFF,
    0xFF, 0xF0, 0x00, 0x00, 0xFF, 0xFF, 0xFF, 0xFC, 0x00, 0x03, 0xFF, 0xFF, 0xFF, 0xFE, 0x00, 0x0F, 0xFF, 0xFF, 0xFF,
    0xFF, 0x00, 0x3F, 0xFF, 0xFF, 0xFF, 0xFF, 0x80, 0x7F, 0xFF, 0xFF, 0xFF, 0xFF, 0xC0, 0x7F, 0xFF, 0xF0, 0x3F, 0xFF,
    0xE0, 0x3F, 0xFE, 0x00, 0x03, 0xFF, 0xE0, 0x3F, 0xF0, 0x00, 0x00, 0xFF, 0xF0, 0x1F, 0xC0, 0x00, 0x00, 0x7F, 0xF0,
    0x0F, 0x00, 0x00, 0x00, 0x3F, 0xF8, 0x0E, 0x00, 0x00, 0x00, 0x1F, 0xF8, 0x00, 0x00, 0x00, 0x00, 0x1F, 0xF8, 0x00,
    0x00, 0x00, 0x00, 0x1F, 0xF8, 0x00, 0x00, 0x00, 0x00, 0x0F, 0xFC, 0x00, 0x00, 0x00, 0x00, 0x0F, 0xFC, 0x00, 0x00,
    0x00, 0x00, 0x0F, 0xFC, 0x00, 0x00, 0x00, 0x00, 0x0F, 0xFC, 0x00, 0x00, 0x00, 0x00, 0x0F, 0xFC, 0x00, 0x00, 0x00,
    0x00, 0x0F, 0xF8, 0x00, 0x00, 0x00, 0x00, 0x1F, 0xF8, 0x00, 0x00, 0x00, 0x00, 0x1F, 0xF8, 0x00, 0x00, 0x00, 0x00,
    0x1F, 0xF8, 0x00, 0x00, 0x00, 0x00, 0x3F, 0xF0, 0x00, 0x00, 0x00, 0x00, 0x7F, 0xF0, 0x00, 0x00, 0x00, 0x00, 0xFF,
    0xE0, 0x00, 0x00, 0x00, 0x01, 0xFF, 0xE0, 0x00, 0x00, 0x00, 0x03, 0xFF, 0xC0, 0x00, 0x00, 0x00, 0x0F, 0xFF, 0x80,
    0x00, 0x00, 0x00, 0xFF, 0xFF, 0x00, 0x00, 0x1F, 0xFF, 0xFF, 0xFE, 0x00, 0x00, 0x1F, 0xFF, 0xFF, 0xF8, 0x00, 0x00,
    0x1F, 0xFF, 0xFF, 0xE0, 0x00, 0x00, 0x1F, 0xFF, 0xFF, 0x00, 0x00, 0x00, 0x1F, 0xFF, 0xFF, 0xF0, 0x00, 0x00, 0x1F,
    0xFF, 0xFF, 0xFE, 0x00, 0x00, 0x1F, 0xFF, 0xFF, 0xFF, 0x00, 0x00, 0x1F, 0xFF, 0xFF, 0xFF, 0xC0, 0x00, 0x00, 0x01,
    0xFF, 0xFF, 0xE0, 0x00, 0x00, 0x00, 0x07, 0xFF, 0xF0, 0x00, 0x00, 0x00, 0x00, 0xFF, 0xF8, 0x00, 0x00, 0x00, 0x00,
    0x7F, 0xFC, 0x00, 0x00, 0x00, 0x00, 0x1F, 0xFC, 0x00, 0x00, 0x00, 0x00, 0x0F, 0xFE, 0x00, 0x00, 0x00, 0x00, 0x0F,
    0xFE, 0x00, 0x00, 0x00, 0x00, 0x07, 0xFE, 0x00, 0x00, 0x00, 0x00, 0x07, 0xFE, 0x00, 0x00, 0x00, 0x00, 0x03, 0xFF,
    0x00, 0x00, 0x00, 0x00, 0x03, 0xFF, 0x00, 0x00, 0x00, 0x00, 0x03, 0xFF, 0x00, 0x00, 0x00, 0x00, 0x03, 0xFF, 0x00,
    0x00, 0x00, 0x00, 0x03, 0xFF, 0x00, 0x00, 0x00, 0x00, 0x03, 0xFF, 0x00, 0x00, 0x00, 0x00, 0x03, 0xFF, 0x00, 0x00,
    0x00, 0x00, 0x07, 0xFF, 0x00, 0x00, 0x00, 0x00, 0x07, 0xFE, 0x00, 0x00, 0x00, 0x00, 0x07, 0xFE, 0x00, 0x00, 0x00,
    0x00, 0x0F, 0xFE, 0x00, 0x00, 0x00, 0x00, 0x0F, 0xFE, 0x00, 0x00, 0x00, 0x00, 0x1F, 0xFC, 0xE0, 0x00, 0x00, 0x00,
    0x3F, 0xFC, 0xF8, 0x00, 0x00, 0x00, 0x7F, 0xF8, 0xFF, 0x00, 0x00, 0x01, 0xFF, 0xF8, 0xFF, 0xF8, 0x00, 0x0F, 0xFF,
    0xF0, 0xFF, 0xFF, 0xFF, 0xFF, 0xFF, 0xE0, 0xFF, 0xFF, 0xFF, 0xFF, 0xFF, 0xC0, 0xFF, 0xFF, 0xFF, 0xFF, 0xFF, 0x80,
    0xFF, 0xFF, 0xFF, 0xFF, 0xFF, 0x00, 0x7F, 0xFF, 0xFF, 0xFF, 0xFC, 0x00, 0x1F, 0xFF, 0xFF, 0xFF, 0xF0, 0x00, 0x03,
    0xFF, 0xFF, 0xFF, 0x80, 0x00, 0x00, 0x3F, 0xFF, 0xFC, 0x00, 0x00, 0x00, 0x00, 0x00, 0x00, 0x7F, 0xE0, 0x00, 0x00,
    0x00, 0x00, 0x03, 0xFF, 0x80, 0x00, 0x00, 0x00, 0x00, 0x0F, 0xFE, 0x00, 0x00, 0x00, 0x00, 0x00, 0x7F, 0xF8, 0x00,
    0x00, 0x00, 0x00, 0x03, 0xFF, 0xE0, 0x00, 0x00, 0x00, 0x00, 0x0F, 0xFF, 0x80, 0x00, 0x00, 0x00, 0x00, 0x7F, 0xFE,
    0x00, 0x00, 0x00, 0x00, 0x03, 0xFF, 0xF8, 0x00, 0x00, 0x00, 0x00, 0x1F, 0xFF, 0xE0, 0x00, 0x00, 0x00, 0x00, 0x7F,
    0xFF, 0x80, 0x00, 0x00, 0x00, 0x03, 0xFF, 0xFE, 0x00, 0x00, 0x00, 0x00, 0x1F, 0xFF, 0xF8, 0x00, 0x00, 0x00, 0x00,
    0x7F, 0xBF, 0xE0, 0x00, 0x00, 0x00, 0x03, 0xFE, 0xFF, 0x80, 0x00, 0x00, 0x00, 0x1F, 0xF3, 0xFE, 0x00, 0x00, 0x00,
    0x00, 0x7F, 0xCF, 0xF8, 0x00, 0x00, 0x00, 0x03, 0xFE, 0x3F, 0xE0, 0x00, 0x00, 0x00, 0x1F, 0xF0, 0xFF, 0x80, 0x00,
    0x00, 0x00, 0xFF, 0xC3, 0xFE, 0x00, 0x00, 0x00, 0x03, 0xFE, 0x0F, 0xF8, 0x00, 0x00, 0x00, 0x1F, 0xF0, 0x3F, 0xE0,
    0x00, 0x00, 0x00, 0xFF, 0xC0, 0xFF, 0x80, 0x00, 0x00, 0x03, 0xFE, 0x03, 0xFE, 0x00, 0x00, 0x00, 0x1F, 0xF0, 0x0F,
    0xF8, 0x00, 0x00, 0x00, 0xFF, 0xC0, 0x3F, 0xE0, 0x00, 0x00, 0x03, 0xFE, 0x00, 0xFF, 0x80, 0x00, 0x00, 0x1F, 0xF0,
    0x03, 0xFE, 0x00, 0x00, 0x00, 0xFF, 0x80, 0x0F, 0xF8, 0x00, 0x00, 0x07, 0xFE, 0x00, 0x3F, 0xE0, 0x00, 0x00, 0x1F,
    0xF0, 0x00, 0xFF, 0x80, 0x00, 0x00, 0xFF, 0x80, 0x03, 0xFE, 0x00, 0x00, 0x07, 0xFE, 0x00, 0x0F, 0xF8, 0x00, 0x00,
    0x1F, 0xF0, 0x00, 0x3F, 0xE0, 0x00, 0x00, 0xFF, 0x80, 0x00, 0xFF, 0x80, 0x00, 0x07, 0xFE, 0x00, 0x03, 0xFE, 0x00,
    0x00, 0x1F, 0xF0, 0x00, 0x0F, 0xF8, 0x00, 0x00, 0xFF, 0x80, 0x00, 0x3F, 0xE0, 0x00, 0x07, 0xFC, 0x00, 0x00, 0xFF,
    0x80, 0x00, 0x1F, 0xF0, 0x00, 0x03, 0xFE, 0x00, 0x00, 0xFF, 0x80, 0x00, 0x0F, 0xF8, 0x00, 0x07, 0xFC, 0x00, 0x00,
    0x3F, 0xE0, 0x00, 0x3F, 0xF0, 0x00, 0x00, 0xFF, 0x80, 0x00, 0xFF, 0x80, 0x00, 0x03, 0xFE, 0x00, 0x07, 0xFC, 0x00,
    0x00, 0x0F, 0xF8, 0x00, 0x3F, 0xF0, 0x00, 0x00, 0x3F, 0xE0, 0x00, 0xFF, 0x80, 0x00, 0x00, 0xFF, 0x80, 0x07, 0xFC,
    0x00, 0x00, 0x03, 0xFE, 0x00, 0x3F, 0xF0, 0x00, 0x00, 0x0F, 0xF8, 0x00, 0xFF, 0xFF, 0xFF, 0xFF, 0xFF, 0xFF, 0xFF,
    0xFF, 0xFF, 0xFF, 0xFF, 0xFF, 0xFF, 0xFF, 0xFF, 0xFF, 0xFF, 0xFF, 0xFF, 0xFF, 0xFF, 0xFF, 0xFF, 0xFF, 0xFF, 0xFF,
    0xFF, 0xFF, 0xFF, 0xFF, 0xFF, 0xFF, 0xFF, 0xFF, 0xFF, 0xFF, 0xFF, 0xFF, 0xFF, 0xFF, 0xFF, 0xFF, 0xFF, 0xFF, 0xFF,
    0xFF, 0xFF, 0xFF, 0xFF, 0xFF, 0xFF, 0xFF, 0xFF, 0xFF, 0x00, 0x00, 0x00, 0x00, 0x3F, 0xE0, 0x00, 0x00, 0x00, 0x00,
    0x00, 0xFF, 0x80, 0x00, 0x00, 0x00, 0x00, 0x03, 0xFE, 0x00, 0x00, 0x00, 0x00, 0x00, 0x0F, 0xF8, 0x00, 0x00, 0x00,
    0x00, 0x00, 0x3F, 0xE0, 0x00, 0x00, 0x00, 0x00, 0x00, 0xFF, 0x80, 0x00, 0x00, 0x00, 0x00, 0x03, 0xFE, 0x00, 0x00,
    0x00, 0x00, 0x00, 0x0F, 0xF8, 0x00, 0x00, 0x00, 0x00, 0x00, 0x3F, 0xE0, 0x00, 0x00, 0x00, 0x00, 0x00, 0xFF, 0x80,
    0x00, 0x00, 0x00, 0x00, 0x03, 0xFE, 0x00, 0x00, 0x00, 0x00, 0x00, 0x0F, 0xF8, 0x00, 0x00, 0x00, 0x00, 0x00, 0x3F,
    0xE0, 0x00, 0x00, 0x00, 0x00, 0x00, 0xFF, 0x80, 0x00, 0x00, 0x00, 0x00, 0x03, 0xFE, 0x00, 0x00, 0x00, 0x00, 0x00,
    0x0F, 0xF8, 0x00, 0x0F, 0xFF, 0xFF, 0xFF, 0xFF, 0x80, 0x3F, 0xFF, 0xFF, 0xFF, 0xFE, 0x00, 0xFF, 0xFF, 0xFF, 0xFF,
    0xF8, 0x03, 0xFF, 0xFF, 0xFF, 0xFF, 0xE0, 0x0F, 0xFF, 0xFF, 0xFF, 0xFF, 0x80, 0x3F, 0xFF, 0xFF, 0xFF, 0xFE, 0x00,
    0xFF, 0xFF, 0xFF, 0xFF, 0xF8, 0x03, 0xFF, 0xFF, 0xFF, 0xFF, 0xE0, 0x0F, 0xFF, 0xFF, 0xFF, 0xFF, 0x80, 0x3F, 0xE0,
    0x00, 0x00, 0x00, 0x00, 0xFF, 0x00, 0x00, 0x00, 0x00, 0x07, 0xFC, 0x00, 0x00, 0x00, 0x00, 0x1F, 0xF0, 0x00, 0x00,
    0x00, 0x00, 0x7F, 0xC0, 0x00, 0x00, 0x00, 0x01, 0xFF, 0x00, 0x00, 0x00, 0x00, 0x07, 0xFC, 0x00, 0x00, 0x00, 0x00,
    0x1F, 0xF0, 0x00, 0x00, 0x00, 0x00, 0x7F, 0xC0, 0x00, 0x00, 0x00, 0x01, 0xFF, 0x00, 0x00, 0x00, 0x00, 0x07, 0xFC,
    0x00, 0x00, 0x00, 0x00, 0x1F, 0xF0, 0x00, 0x00, 0x00, 0x00, 0x7F, 0xC0, 0x00, 0x00, 0x00, 0x01, 0xFE, 0x00, 0x00,
    0x00, 0x00, 0x0F, 0xF8, 0x00, 0x00, 0x00, 0x00, 0x3F, 0xE0, 0x00, 0x00, 0x00, 0x00, 0xFF, 0x80, 0x00, 0x00, 0x00,
    0x03, 0xFE, 0x00, 0x00, 0x00, 0x00, 0x0F, 0xF8, 0x00, 0x00, 0x00, 0x00, 0x3F, 0xE7, 0xFF, 0xF8, 0x00, 0x00, 0xFF,
    0xFF, 0xFF, 0xFC, 0x00, 0x03, 0xFF, 0xFF, 0xFF, 0xFE, 0x00, 0x0F, 0xFF, 0xFF, 0xFF, 0xFC, 0x00, 0x3F, 0xFF, 0xFF,
    0xFF, 0xFC, 0x00, 0xFF, 0xFF, 0xFF, 0xFF, 0xF8, 0x03, 0xFF, 0xFF, 0xFF, 0xFF, 0xF0, 0x07, 0xFF, 0xFF, 0xFF, 0xFF,
    0xE0, 0x07, 0xF0, 0x00, 0x7F, 0xFF, 0xC0, 0x00, 0x00, 0x00, 0x3F, 0xFF, 0x80, 0x00, 0x00, 0x00, 0x3F, 0xFE, 0x00,
    0x00, 0x00, 0x00, 0x3F, 0xFC, 0x00, 0x00, 0x00, 0x00, 0x7F, 0xF0, 0x00, 0x00, 0x00, 0x00, 0xFF, 0xE0, 0x00, 0x00,
    0x00, 0x03, 0xFF, 0x80, 0x00, 0x00, 0x00, 0x07, 0xFE, 0x00, 0x00, 0x00, 0x00, 0x1F, 0xF8, 0x00, 0x00, 0x00, 0x00,
    0x3F, 0xF0, 0x00, 0x00, 0x00, 0x00, 0xFF, 0xC0, 0x00, 0x00, 0x00, 0x03, 0xFF, 0x00, 0x00, 0x00, 0x00, 0x0F, 0xFC,
    0x00, 0x00, 0x00, 0x00, 0x3F, 0xF0, 0x00, 0x00, 0x00, 0x00, 0xFF, 0xC0, 0x00, 0x00, 0x00, 0x03, 0xFF, 0x00, 0x00,
    0x00, 0x00, 0x0F, 0xFC, 0x00, 0x00, 0x00, 0x00, 0x3F, 0xF0, 0x00, 0x00, 0x00, 0x00, 0xFF, 0x80, 0x00, 0x00, 0x00,
    0x07, 0xFE, 0x00, 0x00, 0x00, 0x00, 0x1F, 0xF8, 0x00, 0x00, 0x00, 0x00, 0x7F, 0xE0, 0x00, 0x00, 0x00, 0x03, 0xFF,
    0x00, 0x00, 0x00, 0x00, 0x1F, 0xFC, 0x00, 0x00, 0x00, 0x00, 0xFF, 0xE3, 0x00, 0x00, 0x00, 0x07, 0xFF, 0x8F, 0x80,
    0x00, 0x00, 0x3F, 0xFC, 0x3F, 0xC0, 0x00, 0x03, 0xFF, 0xF0, 0xFF, 0xF0, 0x00, 0x7F, 0xFF, 0x83, 0xFF, 0xFF, 0xFF,
    0xFF, 0xFC, 0x0F, 0xFF, 0xFF, 0xFF, 0xFF, 0xE0, 0x3F, 0xFF, 0xFF, 0xFF, 0xFF, 0x00, 0xFF, 0xFF, 0xFF, 0xFF, 0xF8,
    0x03, 0xFF, 0xFF, 0xFF, 0xFF, 0x80, 0x03, 0xFF, 0xFF, 0xFF, 0xF8, 0x00, 0x01, 0xFF, 0xFF, 0xFF, 0x80, 0x00, 0x00,
    0x7F, 0xFF, 0xE0, 0x00, 0x00, 0x00, 0x00, 0x00, 0x0F, 0xFE, 0x00, 0x00, 0x00, 0x01, 0xFF, 0xFF, 0xC0, 0x00, 0x00,
    0x0F, 0xFF, 0xFF, 0xC0, 0x00, 0x00, 0x7F, 0xFF, 0xFF, 0xC0, 0x00, 0x00, 0xFF, 0xFF, 0xFF, 0xC0, 0x00, 0x03, 0xFF,
    0xFF, 0xFF, 0xC0, 0x00, 0x07, 0xFF, 0xFF, 0xFF, 0xC0, 0x00, 0x0F, 0xFF, 0xFF, 0xFF, 0xC0, 0x00, 0x1F, 0xFF, 0xF8,
    0x03, 0xC0, 0x00, 0x3F, 0xFF, 0x00, 0x00, 0x00, 0x00, 0x7F, 0xFC, 0x00, 0x00, 0x00, 0x00, 0xFF, 0xF0, 0x00, 0x00,
    0x00, 0x01, 0xFF, 0xE0, 0x00, 0x00, 0x00, 0x01, 0xFF, 0xC0, 0x00, 0x00, 0x00, 0x03, 0xFF, 0x80, 0x00, 0x00, 0x00,
    0x07, 0xFF, 0x00, 0x00, 0x00, 0x00, 0x07, 0xFE, 0x00, 0x00, 0x00, 0x00, 0x07, 0xFC, 0x00, 0x00, 0x00, 0x00, 0x0F,
    0xFC, 0x00, 0x00, 0x00, 0x00, 0x0F, 0xF8, 0x00, 0x00, 0x00, 0x00, 0x1F, 0xF8, 0x00, 0x00, 0x00, 0x00, 0x1F, 0xF0,
    0x00, 0x00, 0x00, 0x00, 0x1F, 0xF0, 0x00, 0x00, 0x00, 0x00, 0x3F, 0xF0, 0x00, 0x00, 0x00, 0x00, 0x3F, 0xE0, 0x00,
    0x00, 0x00, 0x00, 0x3F, 0xE0, 0x00, 0x00, 0x00, 0x00, 0x3F, 0xE0, 0x00, 0x00, 0x00, 0x00, 0x7F, 0xE0, 0x00, 0x00,
    0x00, 0x00, 0x7F, 0xE0, 0x07, 0xFF, 0x00, 0x00, 0x7F, 0xC0, 0x3F, 0xFF, 0xF0, 0x00, 0x7F, 0xC0, 0xFF, 0xFF, 0xFC,
    0x00, 0x7F, 0xC3, 0xFF, 0xFF, 0xFE, 0x00, 0x7F, 0xC7, 0xFF, 0xFF, 0xFF, 0x80, 0x7F, 0xCF, 0xFF, 0xFF, 0xFF, 0xC0,
    0xFF, 0xDF, 0xFF, 0xFF, 0xFF, 0xE0, 0xFF, 0xFF, 0xFF, 0xFF, 0xFF, 0xF0, 0xFF, 0xFF, 0xE0, 0x01, 0xFF, 0xF0, 0xFF,
    0xFF, 0x80, 0x00, 0x7F, 0xF8, 0xFF, 0xFE, 0x00, 0x00, 0x3F, 0xF8, 0xFF, 0xFC, 0x00, 0x00, 0x1F, 0xFC, 0xFF, 0xF8,
    0x00, 0x00, 0x0F, 0xFC, 0xFF, 0xF0, 0x00, 0x00, 0x07, 0xFE, 0xFF, 0xF0, 0x00, 0x00, 0x07, 0xFE, 0xFF, 0xE0, 0x00,
    0x00, 0x07, 0xFE, 0xFF, 0xE0, 0x00, 0x00, 0x03, 0xFE, 0xFF, 0xC0, 0x00, 0x00, 0x03, 0xFF, 0xFF, 0xC0, 0x00, 0x00,
    0x03, 0xFF, 0xFF, 0xC0, 0x00, 0x00, 0x03, 0xFF, 0xFF, 0xC0, 0x00, 0x00, 0x03, 0xFF, 0x7F, 0xC0, 0x00, 0x00, 0x03,
    0xFF, 0x7F, 0xC0, 0x00, 0x00, 0x03, 0xFF, 0x7F, 0xC0, 0x00, 0x00, 0x03, 0xFF, 0x7F, 0xC0, 0x00, 0x00, 0x03, 0xFF,
    0x7F, 0xC0, 0x00, 0x00, 0x03, 0xFF, 0x7F, 0xE0, 0x00, 0x00, 0x03, 0xFF, 0x3F, 0xE0, 0x00, 0x00, 0x03, 0xFE, 0x3F,
    0xE0, 0x00, 0x00, 0x03, 0xFE, 0x3F, 0xF0, 0x00, 0x00, 0x07, 0xFE, 0x1F, 0xF0, 0x00, 0x00, 0x07, 0xFE, 0x1F, 0xF8,
    0x00, 0x00, 0x07, 0xFC, 0x0F, 0xFC, 0x00, 0x00, 0x0F, 0xFC, 0x0F, 0xFC, 0x00, 0x00, 0x1F, 0xFC, 0x07, 0xFE, 0x00,
    0x00, 0x3F, 0xF8, 0x07, 0xFF, 0x00, 0x00, 0x7F, 0xF8, 0x03, 0xFF, 0xC0, 0x00, 0xFF, 0xF0, 0x03, 0xFF, 0xF0, 0x03,
    0xFF, 0xE0, 0x01, 0xFF, 0xFF, 0xFF, 0xFF, 0xE0, 0x00, 0xFF, 0xFF, 0xFF, 0xFF, 0xC0, 0x00, 0x7F, 0xFF, 0xFF, 0xFF,
    0x80, 0x00, 0x3F, 0xFF, 0xFF, 0xFF, 0x00, 0x00, 0x0F, 0xFF, 0xFF, 0xFC, 0x00, 0x00, 0x07, 0xFF, 0xFF, 0xF8, 0x00,
    0x00, 0x01, 0xFF, 0xFF, 0xE0, 0x00, 0x00, 0x00, 0x3F, 0xFF, 0x00, 0x00, 0xFF, 0xFF, 0xFF, 0xFF, 0xFF, 0xFF, 0x7F,
    0xFF, 0xFF, 0xFF, 0xFF, 0xFF, 0xFF, 0xFF, 0xFF, 0xFF, 0xFF, 0xFF, 0xFF, 0xFF, 0xFF, 0xFF, 0xFF, 0xFF, 0xFF, 0xFF,
    0xFF, 0xFF, 0xFF, 0xFF, 0xFF, 0xFF, 0xFF, 0xFF, 0xFF, 0xFF, 0xFF, 0xFF, 0xFF, 0xFF, 0xFF, 0xFF, 0xFF, 0xFF, 0xFF,
    0xFF, 0xFF, 0xFF, 0xFF, 0xFF, 0xFF, 0xFF, 0xFF, 0xFF, 0xFF, 0x00, 0x00, 0x00, 0x00, 0x01, 0xFF, 0x80, 0x00, 0x00,
    0x00, 0x00, 0xFF, 0x80, 0x00, 0x00, 0x00, 0x00, 0xFF, 0xC0, 0x00, 0x00, 0x00, 0x00, 0x7F, 0xC0, 0x00, 0x00, 0x00,
    0x00, 0x7F, 0xE0, 0x00, 0x00, 0x00, 0x00, 0x3F, 0xF0, 0x00, 0x00, 0x00, 0x00, 0x3F, 0xF0, 0x00, 0x00, 0x00, 0x00,
    0x1F, 0xF8, 0x00, 0x00, 0x00, 0x00, 0x1F, 0xF8, 0x00, 0x00, 0x00, 0x00, 0x0F, 0xFC, 0x00, 0x00, 0x00, 0x00, 0x0F,
    0xFC, 0x00, 0x00, 0x00, 0x00, 0x07, 0xFE, 0x00, 0x00, 0x00, 0x00, 0x03, 0xFE, 0x00, 0x00, 0x00, 0x00, 0x03, 0xFF,
    0x00, 0x00, 0x00, 0x00, 0x01, 0xFF, 0x00, 0x00, 0x00, 0x00, 0x01, 0xFF, 0x80, 0x00, 0x00, 0x00, 0x00, 0xFF, 0xC0,
    0x00, 0x00, 0x00, 0x00, 0xFF, 0xC0, 0x00, 0x00, 0x00, 0x00, 0x7F, 0xE0, 0x00, 0x00, 0x00, 0x00, 0x7F, 0xE0, 0x00,
    0x00, 0x00, 0x00, 0x3F, 0xF0, 0x00, 0x00, 0x00, 0x00, 0x3F, 0xF0, 0x00, 0x00, 0x00, 0x00, 0x1F, 0xF8, 0x00, 0x00,
    0x00, 0x00, 0x1F, 0xF8, 0x00, 0x00, 0x00, 0x00, 0x0F, 0xFC, 0x00, 0x00, 0x00, 0x00, 0x07, 0xFE, 0x00, 0x00, 0x00,
    0x00, 0x07, 0xFE, 0x00, 0x00, 0x00, 0x00, 0x03, 0xFF, 0x00, 0x00, 0x00, 0x00, 0x03, 0xFF, 0x00, 0x00, 0x00, 0x00,
    0x01, 0xFF, 0x80, 0x00, 0x00, 0x00, 0x01, 0xFF, 0x80, 0x00, 0x00, 0x00, 0x00, 0xFF, 0xC0, 0x00, 0x00, 0x00, 0x00,
    0xFF, 0xC0, 0x00, 0x00, 0x00, 0x00, 0x7F, 0xE0, 0x00, 0x00, 0x00, 0x00, 0x7F, 0xE0, 0x00, 0x00, 0x00, 0x00, 0x3F,
    0xF0, 0x00, 0x00, 0x00, 0x00, 0x3F, 0xF8, 0x00, 0x00, 0x00, 0x00, 0x1F, 0xF8, 0x00, 0x00, 0x00, 0x00, 0x0F, 0xFC,
    0x00, 0x00, 0x00, 0x00, 0x0F, 0xFC, 0x00, 0x00, 0x00, 0x00, 0x07, 0xFE, 0x00, 0x00, 0x00, 0x00, 0x07, 0xFE, 0x00,
    0x00, 0x00, 0x00, 0x03, 0xFF, 0x00, 0x00, 0x00, 0x00, 0x03, 0xFF, 0x00, 0x00, 0x00, 0x00, 0x01, 0xFF, 0x80, 0x00,
    0x00, 0x00, 0x01, 0xFF, 0xC0, 0x00, 0x00, 0x00, 0x00, 0xFF, 0xC0, 0x00, 0x00, 0x00, 0x00, 0xFF, 0xE0, 0x00, 0x00,
    0x00, 0x00, 0x7F, 0xE0, 0x00, 0x00, 0x00, 0x00, 0x7F, 0xF0, 0x00, 0x00, 0x00, 0x00, 0x3F, 0xF0, 0x00, 0x00, 0x00,
    0x00, 0x1F, 0xF8, 0x00, 0x00, 0x00, 0x00, 0x1F, 0xF8, 0x00, 0x00, 0x00, 0x00, 0x0F, 0xFC, 0x00, 0x00, 0x00, 0x00,
    0x0F, 0xFE, 0x00, 0x00, 0x00, 0x00, 0x07, 0xFE, 0x00, 0x00, 0x00, 0x00, 0x07, 0xFF, 0x00, 0x00, 0x00, 0x00, 0x03,
    0xFF, 0x00, 0x00, 0x00, 0x00, 0x03, 0xFF, 0x80, 0x00, 0x00, 0x00, 0x01, 0xFF, 0x80, 0x00, 0x00, 0x00, 0x01, 0xFF,
    0xC0, 0x00, 0x00, 0x00, 0x00, 0xFF, 0xC0, 0x00, 0x00, 0x00, 0x00, 0xFF, 0xE0, 0x00, 0x00, 0x00, 0x00, 0x00, 0x0F,
    0xF8, 0x00, 0x00, 0x00, 0x00, 0x7F, 0xFF, 0xE0, 0x00, 0x00, 0x01, 0xFF, 0xFF, 0xFC, 0x00, 0x00, 0x03, 0xFF, 0xFF,
    0xFF, 0x80, 0x00, 0x07, 0xFF, 0xFF, 0xFF, 0xF0, 0x00, 0x07, 0xFF, 0xFF, 0xFF, 0xFC, 0x00, 0x07, 0xFF, 0xFF, 0xFF,
    0xFF, 0x00, 0x07, 0xFF, 0xFF, 0xFF, 0xFF, 0xC0, 0x07, 0xFF, 0xF0, 0x07, 0xFF, 0xF0, 0x03, 0xFF, 0xC0, 0x00, 0x7F,
    0xF8, 0x03, 0xFF, 0xC0, 0x00, 0x1F, 0xFE, 0x01, 0xFF, 0xC0, 0x00, 0x07, 0xFF, 0x00, 0xFF, 0xC0, 0x00, 0x01, 0xFF,
    0xC0, 0xFF, 0xC0, 0x00, 0x00, 0x7F, 0xE0, 0x7F, 0xE0, 0x00, 0x00, 0x3F, 0xF0, 0x3F, 0xE0, 0x00, 0x00, 0x0F, 0xF8,
    0x1F, 0xF0, 0x00, 0x00, 0x07, 0xFC, 0x0F, 0xF8, 0x00, 0x00, 0x03, 0xFE, 0x07, 0xFC, 0x00, 0x00, 0x01, 0xFF, 0x03,
    0xFE, 0x00, 0x00, 0x00, 0xFF, 0x81, 0xFF, 0x00, 0x00, 0x00, 0x7F, 0xC0, 0xFF, 0xC0, 0x00, 0x00, 0x7F, 0xE0, 0x7F,
    0xE0, 0x00, 0x00, 0x3F, 0xF0, 0x1F, 0xF8, 0x00, 0x00, 0x1F, 0xF0, 0x0F, 0xFC, 0x00, 0x00, 0x1F, 0xF8, 0x03, 0xFF,
    0x00, 0x00, 0x1F, 0xF8, 0x01, 0xFF, 0xC0, 0x00, 0x1F, 0xFC, 0x00, 0x7F, 0xF0, 0x00, 0x1F, 0xFC, 0x00, 0x3F, 0xFE,
    0x00, 0x3F, 0xFC, 0x00, 0x0F, 0xFF, 0xC0, 0x3F, 0xFC, 0x00, 0x03, 0xFF, 0xF8, 0x7F, 0xFC, 0x00, 0x00, 0xFF, 0xFF,
    0xFF, 0xFC, 0x00, 0x00, 0x3F, 0xFF, 0xFF, 0xF8, 0x00, 0x00, 0x07, 0xFF, 0xFF, 0xF8, 0x00, 0x00, 0x01, 0xFF, 0xFF,
    0xF0, 0x00, 0x00, 0x00, 0x3F, 0xFF, 0xF8, 0x00, 0x00, 0x00, 0x7F, 0xFF, 0xFF, 0x00, 0x00, 0x00, 0x7F, 0xFF, 0xFF,
    0xC0, 0x00, 0x00, 0xFF, 0xFF, 0xFF, 0xF8, 0x00, 0x00, 0xFF, 0xFF, 0xFF, 0xFE, 0x00, 0x01, 0xFF, 0xF8, 0x7F, 0xFF,
    0xC0, 0x01, 0xFF, 0xF0, 0x07, 0xFF, 0xF0, 0x01, 0xFF, 0xF0, 0x00, 0xFF, 0xFC, 0x01, 0xFF, 0xE0, 0x00, 0x1F, 0xFF,
    0x00, 0xFF, 0xE0, 0x00, 0x07, 0xFF, 0x80, 0xFF, 0xE0, 0x00, 0x01, 0xFF, 0xE0, 0xFF, 0xE0, 0x00, 0x00, 0x3F, 0xF8,
    0x7F, 0xE0, 0x00, 0x00, 0x0F, 0xFC, 0x3F, 0xE0, 0x00, 0x00, 0x07, 0xFF, 0x3F, 0xF0, 0x00, 0x00, 0x01, 0xFF, 0x9F,
    0xF8, 0x00, 0x00, 0x00, 0xFF, 0xCF, 0xF8, 0x00, 0x00, 0x00, 0x3F, 0xE7, 0xFC, 0x00, 0x00, 0x00, 0x1F, 0xF3, 0xFE,
    0x00, 0x00, 0x00, 0x0F, 0xFD, 0xFF, 0x00, 0x00, 0x00, 0x07, 0xFE, 0xFF, 0x80, 0x00, 0x00, 0x03, 0xFF, 0x7F, 0xC0,
    0x00, 0x00, 0x01, 0xFF, 0x3F, 0xE0, 0x00, 0x00, 0x00, 0xFF, 0x9F, 0xF0, 0x00, 0x00, 0x00, 0x7F, 0xCF, 0xFC, 0x00,
    0x00, 0x00, 0x7F, 0xE7, 0xFE, 0x00, 0x00, 0x00, 0x3F, 0xF1, 0xFF, 0x80, 0x00, 0x00, 0x3F, 0xF0, 0xFF, 0xE0, 0x00,
    0x00, 0x3F, 0xF8, 0x7F, 0xF8, 0x00, 0x00, 0x3F, 0xFC, 0x1F, 0xFE, 0x00, 0x00, 0x3F, 0xFC, 0x0F, 0xFF, 0xC0, 0x00,
    0x7F, 0xFC, 0x03, 0xFF, 0xFF, 0x07, 0xFF, 0xFE, 0x00, 0xFF, 0xFF, 0xFF, 0xFF, 0xFE, 0x00, 0x3F, 0xFF, 0xFF, 0xFF,
    0xFE, 0x00, 0x0F, 0xFF, 0xFF, 0xFF, 0xFC, 0x00, 0x01, 0xFF, 0xFF, 0xFF, 0xFC, 0x00, 0x00, 0x7F, 0xFF, 0xFF, 0xF8,
    0x00, 0x00, 0x07, 0xFF, 0xFF, 0xF0, 0x00, 0x00, 0x00, 0x7F, 0xFF, 0xC0, 0x00, 0x00, 0x00, 0x00, 0x1F, 0xE0, 0x00,
    0x00, 0x00, 0x07, 0xFF, 0xFC, 0x00, 0x00, 0x00, 0x3F, 0xFF, 0xFE, 0x00, 0x00, 0x01, 0xFF, 0xFF, 0xFF, 0x00, 0x00,
    0x07, 0xFF, 0xFF, 0xFF, 0x00, 0x00, 0x3F, 0xFF, 0xFF, 0xFF, 0x80, 0x00, 0xFF, 0xFF, 0xFF, 0xFF, 0x80, 0x03, 0xFF,
    0xFF, 0xFF, 0xFF, 0x80, 0x07, 0xFF, 0xF8, 0x7F, 0xFF, 0x80, 0x1F, 0xFF, 0x00, 0x1F, 0xFF, 0x00, 0x7F, 0xF8, 0x00,
    0x0F, 0xFF, 0x00, 0xFF, 0xE0, 0x00, 0x07, 0xFF, 0x03, 0xFF, 0x80, 0x00, 0x07, 0xFE, 0x07, 0xFE, 0x00, 0x00, 0x07,
    0xFE, 0x1F, 0xF8, 0x00, 0x00, 0x0F, 0xFC, 0x3F, 0xF0, 0x00, 0x00, 0x0F, 0xFC, 0x7F, 0xC0, 0x00, 0x00, 0x1F, 0xF9,
    0xFF, 0x80, 0x00, 0x00, 0x1F, 0xF3, 0xFF, 0x00, 0x00, 0x00, 0x3F, 0xF7, 0xFE, 0x00, 0x00, 0x00, 0x3F, 0xEF, 0xF8,
    0x00, 0x00, 0x00, 0x7F, 0xDF, 0xF0, 0x00, 0x00, 0x00, 0xFF, 0xBF, 0xE0, 0x00, 0x00, 0x01, 0xFF, 0xFF, 0xC0, 0x00,
    0x00, 0x01, 0xFF, 0xFF, 0x80, 0x00, 0x00, 0x03, 0xFF, 0xFF, 0x00, 0x00, 0x00, 0x07, 0xFF, 0xFE, 0x00, 0x00, 0x00,
    0x0F, 0xFF, 0xFC, 0x00, 0x00, 0x00, 0x1F, 0xFF, 0xF8, 0x00, 0x00, 0x00, 0x7F, 0xFF, 0xF8, 0x00, 0x00, 0x00, 0xFF,
    0xFF, 0xF0, 0x00, 0x00, 0x01, 0xFF, 0xFF, 0xE0, 0x00, 0x00, 0x07, 0xFF, 0x7F, 0xE0, 0x00, 0x00, 0x0F, 0xFE, 0xFF,
    0xC0, 0x00, 0x00, 0x3F, 0xFD, 0xFF, 0xC0, 0x00, 0x00, 0xFF, 0xF9, 0xFF, 0xC0, 0x00, 0x03, 0xFF, 0xF3, 0xFF, 0xC0,
    0x00, 0x0F, 0xFF, 0xE3, 0xFF, 0xC0, 0x00, 0x7F, 0xFF, 0xC7, 0xFF, 0xF0, 0x07, 0xFF, 0xFF, 0x87, 0xFF, 0xFF, 0xFF,
    0xFD, 0xFF, 0x07, 0xFF, 0xFF, 0xFF, 0xF3, 0xFE, 0x07, 0xFF, 0xFF, 0xFF, 0xC7, 0xFC, 0x07, 0xFF, 0xFF, 0xFF, 0x1F,
    0xF8, 0x03, 0xFF, 0xFF, 0xFC, 0x3F, 0xF0, 0x03, 0xFF, 0xFF, 0xE0, 0x7F, 0xC0, 0x00, 0xFF, 0xFE, 0x00, 0xFF, 0x80,
    0x00, 0x1F, 0xC0, 0x01, 0xFF, 0x00, 0x00, 0x00, 0x00, 0x03, 0xFE, 0x00, 0x00, 0x00, 0x00, 0x0F, 0xFC, 0x00, 0x00,
    0x00, 0x00, 0x1F, 0xF8, 0x00, 0x00, 0x00, 0x00, 0x3F, 0xE0, 0x00, 0x00, 0x00, 0x00, 0x7F, 0xC0, 0x00, 0x00, 0x00,
    0x01, 0xFF, 0x80, 0x00, 0x00, 0x00, 0x03, 0xFE, 0x00, 0x00, 0x00, 0x00, 0x0F, 0xFC, 0x00, 0x00, 0x00, 0x00, 0x1F,
    0xF8, 0x00, 0x00, 0x00, 0x00, 0x7F, 0xE0, 0x00, 0x00, 0x00, 0x00, 0xFF, 0xC0, 0x00, 0x00, 0x00, 0x03, 0xFF, 0x00,
    0x00, 0x00, 0x00, 0x0F, 0xFE, 0x00, 0x00, 0x00, 0x00, 0x3F, 0xF8, 0x00, 0x00, 0x00, 0x00, 0xFF, 0xF0, 0x00, 0x00,
    0x00, 0x03, 0xFF, 0xC0, 0x00, 0x00, 0x00, 0x0F, 0xFF, 0x00, 0x00, 0x00, 0x00, 0x7F, 0xFC, 0x00, 0x0C, 0x00, 0x07,
    0xFF, 0xF8, 0x00, 0x1F, 0xFF, 0xFF, 0xFF, 0xE0, 0x00, 0x3F, 0xFF, 0xFF, 0xFF, 0x80, 0x00, 0x7F, 0xFF, 0xFF, 0xFC,
    0x00, 0x00, 0xFF, 0xFF, 0xFF, 0xF0, 0x00, 0x01, 0xFF, 0xFF, 0xFF, 0x80, 0x00, 0x03, 0xFF, 0xFF, 0xFC, 0x00, 0x00,
    0x07, 0xFF, 0xFF, 0xE0, 0x00, 0x00, 0x07, 0xFF, 0xFC, 0x00, 0x00, 0x00, 0x00, 0x00, 0x00, 0x00, 0x00, 0x00, 0x00,
    0x00, 0x18, 0x00, 0x00, 0x00, 0x00, 0x00, 0x00, 0x18, 0x00, 0x00, 0x00, 0x00, 0x00, 0x00, 0x38, 0x00, 0x00, 0x00,
    0x00, 0x00, 0x00, 0x78, 0x00, 0x00, 0x00, 0x00, 0x00, 0x00, 0xF8, 0x00, 0x00, 0x00, 0x00, 0x00, 0x01, 0xF8, 0x00,
    0x00, 0x00, 0x00, 0x00, 0x01, 0xF8, 0x00, 0x00, 0x00, 0x00, 0x00, 0x03, 0xF0, 0x00, 0x00, 0x00, 0x00, 0x00, 0x07,
    0xE0, 0x00, 0x00, 0x00, 0x00, 0x00, 0x0F, 0xC0, 0x00, 0x00, 0x00, 0x00, 0x00, 0x1F, 0x80, 0x00, 0x00, 0x00, 0x00,
    0x00, 0x1F, 0xF8, 0x00, 0x00, 0x00, 0x00, 0x00, 0x3F, 0xFF, 0xFF, 0xFF, 0xFF, 0xFF, 0xFF, 0x7F, 0xFF, 0xFF, 0xFF,
    0xFF, 0xFF, 0xFF, 0xFF, 0xFF, 0xFF, 0xFF, 0xFF, 0xFF, 0xFF, 0x7F, 0xFF, 0xFF, 0xFF, 0xFF, 0xFF, 0xFF, 0x3F, 0xFF,
    0xFF, 0xFF, 0xFF, 0xFF, 0xFF, 0x3F, 0x80, 0x00, 0x00, 0x00, 0x00, 0x00, 0x1F, 0xC0, 0x00, 0x00, 0x00, 0x00, 0x00,
    0x0F, 0xC0, 0x00, 0x00, 0x00, 0x00, 0x00, 0x07, 0xE0, 0x00, 0x00, 0x00, 0x00, 0x00, 0x03, 0xF0, 0x00, 0x00, 0x00,
    0x00, 0x00, 0x03, 0xF8, 0x00, 0x00, 0x00, 0x00, 0x00, 0x01, 0xF8, 0x00, 0x00, 0x00, 0x00, 0x00, 0x00, 0xF8, 0x00,
    0x00, 0x00, 0x00, 0x00, 0x00, 0x78, 0x00, 0x00, 0x00, 0x00, 0x00, 0x00, 0x38, 0x00, 0x00, 0x00, 0x00, 0x00, 0x00,
    0x38, 0x00, 0x00, 0x00, 0x00, 0x00, 0x00, 0x18, 0x00, 0x00, 0x00, 0x00, 0x00, 0x00, 0x00, 0x00, 0x00, 0x00, 0x00,
    0x00, 0x00, 0x00, 0x00, 0x00, 0x00, 0x07, 0x00, 0x00, 0x00, 0x1F, 0x00, 0x00, 0x00, 0x7F, 0x00, 0x00, 0x03, 0xFF,
    0x00, 0x00, 0x0F, 0xFF, 0x80, 0x00, 0x3F, 0xFF, 0x80, 0x00, 0xFF, 0xFF, 0x80, 0x07, 0xFF, 0xFF, 0x80, 0x1F, 0xEF,
    0xFF, 0xC0, 0x7F, 0x9F, 0xBF, 0xC1, 0xFE, 0x3F, 0x1F, 0xC7, 0xF0, 0x7E, 0x1F, 0xC0, 0x00, 0xFC, 0x00, 0x00, 0x01,
    0xF0, 0x00, 0x00, 0x03, 0xE0, 0x00, 0x00, 0x07, 0xC0, 0x00, 0x00, 0x0F, 0x80, 0x00, 0x00, 0x1F, 0x00, 0x00, 0x00,
    0x3E, 0x00, 0x00, 0x00, 0x7C, 0x00, 0x00, 0x00, 0xF8, 0x00, 0x00, 0x01, 0xF0, 0x00, 0x00, 0x03, 0xE0, 0x00, 0x00,
    0x07, 0xC0, 0x00, 0x00, 0x0F, 0x80, 0x00, 0x00, 0x1F, 0x00, 0x00, 0x00, 0x3E, 0x00, 0x00, 0x00, 0x7C, 0x00, 0x00,
    0x00, 0xF8, 0x00, 0x00, 0x01, 0xF0, 0x00, 0x00, 0x03, 0xE0, 0x00, 0x00, 0x07, 0xC0, 0x00, 0x00, 0x0F, 0x80, 0x00,
    0x00, 0x1F, 0x00, 0x00, 0x00, 0x3E, 0x00, 0x00, 0x00, 0x7C, 0x00, 0x00, 0x00, 0xF8, 0x00, 0x00, 0x01, 0xF0, 0x00,
    0x00, 0x03, 0xE0, 0x00, 0x00, 0x07, 0xC0, 0x00, 0x00, 0x0F, 0x80, 0x00, 0x00, 0x1F, 0x00, 0x00, 0x00, 0x3E, 0x00,
    0x00, 0x00, 0x7C, 0x00, 0x00, 0x00, 0xF8, 0x00, 0x00, 0x01, 0xF0, 0x00, 0x00, 0x03, 0xE0, 0x00, 0x00, 0x07, 0xC0,
    0x00, 0x00, 0x0F, 0x80, 0x00, 0x00, 0x1F, 0x00, 0x00, 0x00, 0x3E, 0x00, 0x00, 0x00, 0x7C, 0x00, 0x00, 0x00, 0xF8,
    0x00, 0x00, 0x01, 0xF0, 0x00, 0x00, 0x03, 0xE0, 0x00, 0x00, 0x00, 0x00, 0x00, 0x00, 0x00, 0x00, 0x00, 0x00, 0x00,
    0x00, 0x00, 0x20, 0x00, 0x00, 0x00, 0x00, 0x00, 0x00, 0x60, 0x00, 0x00, 0x00, 0x00, 0x00, 0x00, 0xE0, 0x00, 0x00,
    0x00, 0x00, 0x00, 0x01, 0xE0, 0x00, 0x00, 0x00, 0x00, 0x00, 0x03, 0xC0, 0x00, 0x00, 0x00, 0x00, 0x00, 0x07, 0xC0,
    0x00, 0x00, 0x00, 0x00, 0x00, 0x0F, 0xC0, 0x00, 0x00, 0x00, 0x00, 0x00, 0x0F, 0xC0, 0x00, 0x00, 0x00, 0x00, 0x00,
    0x1F, 0xC0, 0x00, 0x00, 0x00, 0x00, 0x00, 0x1F, 0x80, 0x00, 0x00, 0x00, 0x00, 0x00, 0x1F, 0x80, 0x00, 0x00, 0x00,
    0x00, 0x00, 0x1F, 0x9F, 0xFF, 0xFF, 0xFF, 0xFF, 0xFF, 0xFF, 0xBF, 0xFF, 0xFF, 0xFF, 0xFF, 0xFF, 0xFF, 0xFF, 0xFF,
    0xFF, 0xFF, 0xFF, 0xFF, 0xFF, 0xFF, 0xFF, 0xFF, 0xFF, 0xFF, 0xFF, 0xFD, 0xFF, 0xFF, 0xFF, 0xFF, 0xFF, 0xFF, 0xF8,
    0x00, 0x00, 0x00, 0x00, 0x00, 0x07, 0xE0, 0x00, 0x00, 0x00, 0x00, 0x00, 0x1F, 0x80, 0x00, 0x00, 0x00, 0x00, 0x00,
    0x7E, 0x00, 0x00, 0x00, 0x00, 0x00, 0x01, 0xF8, 0x00, 0x00, 0x00, 0x00, 0x00, 0x03, 0xF0, 0x00, 0x00, 0x00, 0x00,
    0x00, 0x0F, 0xC0, 0x00, 0x00, 0x00, 0x00, 0x00, 0x1F, 0x00, 0x00, 0x00, 0x00, 0x00, 0x00, 0x3C, 0x00, 0x00, 0x00,
    0x00, 0x00, 0x00, 0x70, 0x00, 0x00, 0x00, 0x00, 0x00, 0x00, 0xE0, 0x00, 0x00, 0x00, 0x00, 0x00, 0x01, 0x80, 0x00,
    0x00, 0x00, 0x00, 0x00, 0x02, 0x00, 0x00, 0x00, 0x00, 0x00, 0x00, 0x00, 0x3E, 0x00, 0x00, 0x00, 0xF8, 0x00, 0x00,
    0x03, 0xE0, 0x00, 0x00, 0x0F, 0x80, 0x00, 0x00, 0x3E, 0x00, 0x00, 0x00, 0xF8, 0x00, 0x00, 0x03, 0xE0, 0x00, 0x00,
    0x0F, 0x80, 0x00, 0x00, 0x3E, 0x00, 0x00, 0x00, 0xF8, 0x00, 0x00, 0x03, 0xE0, 0x00, 0x00, 0x0F, 0x80, 0x00, 0x00,
    0x3E, 0x00, 0x00, 0x00, 0xF8, 0x00, 0x00, 0x03, 0xE0, 0x00, 0x00, 0x0F, 0x80, 0x00, 0x00, 0x3E, 0x00, 0x00, 0x00,
    0xF8, 0x00, 0x00, 0x03, 0xE0, 0x00, 0x00, 0x0F, 0x80, 0x00, 0x00, 0x3E, 0x00, 0x00, 0x00, 0xF8, 0x00, 0x00, 0x03,
    0xE0, 0x00, 0x00, 0x0F, 0x80, 0x00, 0x00, 0x3E, 0x00, 0x00, 0x00, 0xF8, 0x00, 0x00, 0x03, 0xE0, 0x00, 0x00, 0x0F,
    0x80, 0x00, 0x00, 0x3E, 0x00, 0x00, 0x00, 0xF8, 0x00, 0x00, 0x03, 0xE0, 0x00, 0x00, 0x0F, 0x80, 0x00, 0x00, 0x3E,
    0x00, 0x00, 0x00, 0xF8, 0x00, 0x00, 0x03, 0xE0, 0x00, 0x00, 0x0F, 0x80, 0x00, 0x00, 0x3E, 0x00, 0x00, 0x00, 0xF8,
    0x00, 0x00, 0x03, 0xE0, 0x00, 0x00, 0x0F, 0x80, 0x00, 0x00, 0x3E, 0x00, 0x00, 0x00, 0xF8, 0x00, 0x00, 0x03, 0xE0,
    0x00, 0xFF, 0x0F, 0x87, 0xF9, 0xFE, 0x3E, 0x3F, 0xC1, 0xFC, 0xF9, 0xFE, 0x03, 0xFF, 0xEF, 0xE0, 0x07, 0xFF, 0xFF,
    0x00, 0x0F, 0xFF, 0xF8, 0x00, 0x0F, 0xFF, 0xC0, 0x00, 0x1F, 0xFC, 0x00, 0x00, 0x3F, 0xE0, 0x00, 0x00, 0x7F, 0x00,
    0x00, 0x00, 0x78, 0x00, 0x00, 0x00, 0x80, 0x00, 0x00, 0x00, 0x00, 0x00, 0x00, 0x00, 0x00, 0x00, 0x18, 0x00, 0x00,
    0x00, 0x18, 0x00, 0x00, 0x18, 0x00, 0x00, 0x00, 0x1C, 0x00, 0x00, 0x38, 0x00, 0x00, 0x00, 0x1E, 0x00, 0x00, 0x78,
    0x00, 0x00, 0x00, 0x1E, 0x00, 0x00, 0xF8, 0x00, 0x00, 0x00, 0x1F, 0x00, 0x01, 0xF8, 0x00, 0x00, 0x00, 0x1F, 0x80,
    0x01, 0xF8, 0x00, 0x00, 0x00, 0x0F, 0xC0, 0x03, 0xF0, 0x00, 0x00, 0x00, 0x0F, 0xC0, 0x07, 0xE0, 0x00, 0x00, 0x00,
    0x07, 0xE0, 0x0F, 0xC0, 0x00, 0x00, 0x00, 0x03, 0xF0, 0x1F, 0xC0, 0x00, 0x00, 0x00, 0x01, 0xF8, 0x1F, 0x80, 0x00,
    0x00, 0x00, 0x00, 0xFC, 0x3F, 0xFF, 0xFF, 0xFF, 0xFF, 0xFF, 0xFC, 0x7F, 0xFF, 0xFF, 0xFF, 0xFF, 0xFF, 0xFE, 0x7F,
    0xFF, 0xFF, 0xFF, 0xFF, 0xFF, 0xFF, 0x7F, 0xFF, 0xFF, 0xFF, 0xFF, 0xFF, 0xFE, 0x3F, 0xFF, 0xFF, 0xFF, 0xFF, 0xFF,
    0xFC, 0x1F, 0x80, 0x00, 0x00, 0x00, 0x00, 0xFC, 0x0F, 0xC0, 0x00, 0x00, 0x00, 0x01, 0xF8, 0x0F, 0xE0, 0x00, 0x00,
    0x00, 0x03, 0xF0, 0x07, 0xE0, 0x00, 0x00, 0x00, 0x07, 0xE0, 0x03, 0xF0, 0x00, 0x00, 0x00, 0x0F, 0xC0, 0x01, 0xF8,
    0x00, 0x00, 0x00, 0x0F, 0xC0, 0x00, 0xF8, 0x00, 0x00, 0x00, 0x1F, 0x80, 0x00, 0xF8, 0x00, 0x00, 0x00, 0x1F, 0x00,
    0x00, 0x78, 0x00, 0x00, 0x00, 0x1E, 0x00, 0x00, 0x38, 0x00, 0x00, 0x00, 0x1C, 0x00, 0x00, 0x18, 0x00, 0x00, 0x00,
    0x1C, 0x00, 0x00, 0x08, 0x00, 0x00, 0x00, 0x18, 0x00, 0x00, 0x00, 0x00, 0x00, 0x00, 0x00, 0x00, 0x00, 0x00, 0x00,
    0x00, 0x00, 0x07, 0x00, 0x00, 0x00, 0x1F, 0x00, 0x00, 0x00, 0x7F, 0x80, 0x00, 0x03, 0xFF, 0x80, 0x00, 0x0F, 0xFF,
    0x80, 0x00, 0x3F, 0xFF, 0x80, 0x00, 0xFF, 0xFF, 0xC0, 0x07, 0xFF, 0xFF, 0xC0, 0x1F, 0xEF, 0xBF, 0xC0, 0x7F, 0x9F,
    0x1F, 0xC1, 0xFC, 0x3E, 0x1F, 0xE7, 0xF0, 0x7C, 0x1F, 0xC0, 0x00, 0xF8, 0x00, 0x00, 0x01, 0xF0, 0x00, 0x00, 0x03,
    0xE0, 0x00, 0x00, 0x07, 0xC0, 0x00, 0x00, 0x0F, 0x80, 0x00, 0x00, 0x1F, 0x00, 0x00, 0x00, 0x3E, 0x00, 0x00, 0x00,
    0x7C, 0x00, 0x00, 0x00, 0xF8, 0x00, 0x00, 0x01, 0xF0, 0x00, 0x00, 0x03, 0xE0, 0x00, 0x00, 0x07, 0xC0, 0x00, 0x00,
    0x0F, 0x80, 0x00, 0x00, 0x1F, 0x00, 0x00, 0x00, 0x3E, 0x00, 0x00, 0x00, 0x7C, 0x00, 0x00, 0x00, 0xF8, 0x00, 0x00,
    0x01, 0xF0, 0x00, 0x00, 0x03, 0xE0, 0x00, 0x00, 0x07, 0xC0, 0x00, 0x00, 0x0F, 0x80, 0x00, 0x00, 0x1F, 0x00, 0x00,
    0x00, 0x3E, 0x00, 0x00, 0x00, 0x7C, 0x00, 0x00, 0x00, 0xF8, 0x00, 0x00, 0x01, 0xF0, 0x00, 0x00, 0x03, 0xE0, 0x00,
    0x00, 0x07, 0xC0, 0x00, 0x00, 0x0F, 0x80, 0x00, 0x00, 0x1F, 0x00, 0x03, 0xF0, 0x3E, 0x07, 0xE7, 0xF8, 0x7C, 0x3F,
    0xC7, 0xF8, 0xF8, 0xFF, 0x03, 0xF9, 0xF3, 0xFC, 0x03, 0xFB, 0xEF, 0xE0, 0x03, 0xFF, 0xFF, 0x80, 0x03, 0xFF, 0xFE,
    0x00, 0x01, 0xFF, 0xF0, 0x00, 0x01, 0xFF, 0xC0, 0x00, 0x01, 0xFF, 0x00, 0x00, 0x01, 0xFC, 0x00, 0x00, 0x00, 0xE0,
    0x00, 0x00, 0x00, 0x80, 0x00, 0x00, 0x00, 0x00, 0x00, 0x00, 0x00, 0x01, 0xFF, 0x00, 0x00, 0x00, 0x7F, 0xFF, 0xC0,
    0x00, 0x00, 0x1F, 0xFF, 0xF0, 0x00, 0x00, 0x03, 0xFF, 0xFC, 0x00, 0x00, 0x00, 0x7F, 0xFF, 0x00, 0x00, 0x00, 0x0F,
    0xF8, 0x00, 0x00, 0x00, 0x01, 0xFF, 0x00, 0x00, 0x00, 0x00, 0x3F, 0xF0, 0x00, 0x00, 0x00, 0x07, 0xFF, 0x00, 0x00,
    0x00, 0x01, 0xFF, 0xF0, 0x00, 0x00, 0x00, 0x3E, 0xFF, 0x00, 0x00, 0x00, 0x07, 0xCF, 0xF0, 0x00, 0x00, 0x00, 0xF8,
    0xFF, 0x00, 0x00, 0x00, 0x1F, 0x0F, 0xF0, 0x00, 0x00, 0x03, 0xE0, 0xFF, 0x00, 0x00, 0x00, 0x7C, 0x0F, 0xF0, 0x00,
    0x00, 0x0F, 0x00, 0xFF, 0x00, 0x00, 0x03, 0xC0, 0x0F, 0xF0, 0x00, 0x00, 0x70, 0x00, 0xFF, 0x00, 0x00, 0x0C, 0x00,
    0x0F, 0xF0, 0x00, 0x01, 0x00, 0x00, 0xFF, 0x00, 0x00, 0x00, 0x00, 0x0F, 0xF0, 0x00, 0x00, 0x00, 0x00, 0xFF, 0x00,
    0x00, 0x00, 0x00, 0x0F, 0xF0, 0x00, 0x00, 0x00, 0x00, 0xFF, 0x00, 0x00, 0x00, 0x00, 0x0F, 0xF0, 0x00, 0x00, 0x00,
    0x00, 0xFF, 0x00, 0x00, 0x00, 0x00, 0x0F, 0xF0, 0x00, 0x00, 0x00, 0x00, 0xFF, 0x00, 0x00, 0x00, 0x00, 0x0F, 0xF0,
    0x00, 0x00, 0x00, 0x00, 0xFF, 0x00, 0x00, 0x00, 0x00, 0x0F, 0xF0, 0x00, 0x00, 0x00, 0x00, 0xFF, 0x00, 0x00, 0x00,
    0x00, 0x0F, 0xF0, 0x00, 0x00, 0x00, 0x00, 0xFF, 0x00, 0x00, 0x00, 0x00, 0x0F, 0xF0, 0x00, 0x00, 0x00, 0x00, 0xFF,
    0x00, 0x00, 0x00, 0x00, 0x0F, 0xF0, 0x00, 0x00, 0x00, 0x00, 0xFF, 0x00, 0x00, 0x00, 0x00, 0x0F, 0xE0, 0x00, 0x00,
    0x00, 0x00, 0xF8, 0x00, 0x00, 0x00, 0x00, 0x0E, 0x00, 0x00, 0x00, 0x00, 0x00, 0x00, 0x00, 0x00, 0x00, 0x00, 0x00,
    0x00, 0x00, 0x00, 0x7F, 0xC0, 0x00, 0x00, 0x00, 0x07, 0xFF, 0xFC, 0x00, 0x00, 0x00, 0x7F, 0xFF, 0xC0, 0x00, 0x00,
    0x07, 0xFF, 0xF8, 0x00, 0x00, 0x00, 0x7F, 0xFF, 0x80, 0x00, 0x00, 0x00, 0x7F, 0xF0, 0x00, 0x00, 0x00, 0x03, 0xFE,
    0x00, 0x00, 0x00, 0x00, 0xFF, 0xC0, 0x00, 0x00, 0x00, 0x3F, 0xF8, 0x00, 0x00, 0x00, 0x0F, 0xFF, 0x00, 0x00, 0x00,
    0x03, 0xFF, 0xE0, 0x00, 0x00, 0x00, 0xFF, 0x3C, 0x00, 0x00, 0x00, 0x3F, 0xC7, 0x80, 0x00, 0x00, 0x0F, 0xF0, 0xF0,
    0x00, 0x00, 0x03, 0xFC, 0x1F, 0x00, 0x00, 0x00, 0xFF, 0x03, 0xE0, 0x00, 0x00, 0x3F, 0xC0, 0x7C, 0x00, 0x00, 0x0F,
    0xF0, 0x07, 0x80, 0x00, 0x03, 0xFC, 0x00, 0x70, 0x00, 0x00, 0xFF, 0x00, 0x06, 0x00, 0x00, 0x7F, 0xC0, 0x00, 0x40,
    0x00, 0x1F, 0xF0, 0x00, 0x00, 0x00, 0x07, 0xF8, 0x00, 0x00, 0x00, 0x01, 0xFE, 0x00, 0x00, 0x00, 0x00, 0x7F, 0x80,
    0x00, 0x00, 0x00, 0x1F, 0xE0, 0x00, 0x00, 0x00, 0x07, 0xF8, 0x00, 0x00, 0x00, 0x01, 0xFE, 0x00, 0x00, 0x00, 0x00,
    0x7F, 0x80, 0x00, 0x00, 0x00, 0x1F, 0xE0, 0x00, 0x00, 0x00, 0x07, 0xF8, 0x00, 0x00, 0x00, 0x01, 0xFE, 0x00, 0x00,
    0x00, 0x00, 0x7F, 0x80, 0x00, 0x00, 0x00, 0x1F, 0xE0, 0x00, 0x00, 0x00, 0x07, 0xF8, 0x00, 0x00, 0x00, 0x01, 0xFE,
    0x00, 0x00, 0x00, 0x00, 0x7F, 0x80, 0x00, 0x00, 0x00, 0x1F, 0xE0, 0x00, 0x00, 0x00, 0x07, 0xF8, 0x00, 0x00, 0x00,
    0x00, 0xFE, 0x00, 0x00, 0x00, 0x00, 0x0F, 0x80, 0x00, 0x00, 0x00, 0x00, 0xE0, 0x00, 0x00, 0x00, 0x00, 0x00, 0x00,
    0x00, 0x00, 0x00, 0x00, 0x08, 0x00, 0x00, 0x00, 0x00, 0x01, 0xC0, 0x00, 0x00, 0x00, 0x00, 0x3E, 0x00, 0x00, 0x00,
    0x00, 0x07, 0xF0, 0x00, 0x00, 0x00, 0x00, 0x7F, 0x80, 0x00, 0x00, 0x00, 0x03, 0xFC, 0x00, 0x00, 0x00, 0x00, 0x1F,
    0xE0, 0x00, 0x00, 0x00, 0x00, 0xFF, 0x00, 0x00, 0x00, 0x00, 0x07, 0xF8, 0x00, 0x00, 0x00, 0x00, 0x3F, 0xC0, 0x00,
    0x00, 0x00, 0x01, 0xFE, 0x00, 0x00, 0x00, 0x00, 0x0F, 0xF0, 0x00, 0x00, 0x00, 0x00, 0x7F, 0x80, 0x00, 0x00, 0x00,
    0x03, 0xFC, 0x00, 0x00, 0x00, 0x00, 0x1F, 0xE0, 0x00, 0x00, 0x00, 0x00, 0xFF, 0x00, 0x00, 0x00, 0x00, 0x07, 0xF8,
    0x00, 0x00, 0x00, 0x00, 0x3F, 0xC0, 0x00, 0x00, 0x00, 0x01, 0xFE, 0x00, 0x00, 0x00, 0x00, 0x0F, 0xF0, 0x00, 0x00,
    0x00, 0x00, 0x7F, 0x80, 0x00, 0x00, 0x00, 0x03, 0xFC, 0x00, 0x00, 0x00, 0x00, 0x1F, 0xE0, 0x00, 0x30, 0x00, 0x00,
    0xFF, 0x00, 0x07, 0x00, 0x00, 0x07, 0xF8, 0x00, 0xF0, 0x00, 0x00, 0x3F, 0xC0, 0x0E, 0x00, 0x00, 0x01, 0xFE, 0x01,
    0xE0, 0x00, 0x00, 0x0F, 0xF0, 0x3E, 0x00, 0x00, 0x00, 0x7F, 0x83, 0xE0, 0x00, 0x00, 0x03, 0xFC, 0x3E, 0x00, 0x00,
    0x00, 0x1F, 0xE3, 0xE0, 0x00, 0x00, 0x00, 0xFF, 0x3E, 0x00, 0x00, 0x00, 0x07, 0xFB, 0xE0, 0x00, 0x00, 0x00, 0x3F,
    0xFE, 0x00, 0x00, 0x00, 0x01, 0xFF, 0xC0, 0x00, 0x00, 0x00, 0x0F, 0xFC, 0x00, 0x00, 0x00, 0x00, 0x7F, 0xC0, 0x00,
    0x00, 0x00, 0x3F, 0xFC, 0x00, 0x00, 0x00, 0x3F, 0xFF, 0xC0, 0x00, 0x00, 0x07, 0xFF, 0xFC, 0x00, 0x00, 0x00, 0xFF,
    0xFF, 0xC0, 0x00, 0x00, 0x1F, 0xFF, 0x80, 0x00, 0x00, 0x01, 0xF0, 0x00, 0x00, 0x00, 0x00, 0x00, 0x00, 0x00, 0x00,
    0x00, 0x00, 0x00, 0x00, 0x38, 0x00, 0x00, 0x00, 0x00, 0x07, 0xC0, 0x00, 0x00, 0x00, 0x00, 0xFE, 0x00, 0x00, 0x00,
    0x00, 0x1F, 0xE0, 0x00, 0x00, 0x00, 0x03, 0xFC, 0x00, 0x00, 0x00, 0x00, 0x7F, 0x80, 0x00, 0x00, 0x00, 0x0F, 0xF0,
    0x00, 0x00, 0x00, 0x01, 0xFE, 0x00, 0x00, 0x00, 0x00, 0x3F, 0xC0, 0x00, 0x00, 0x00, 0x07, 0xF8, 0x00, 0x00, 0x00,
    0x00, 0xFF, 0x00, 0x00, 0x00, 0x00, 0x1F, 0xE0, 0x00, 0x00, 0x00, 0x03, 0xFC, 0x00, 0x00, 0x00, 0x00, 0x7F, 0x80,
    0x00, 0x00, 0x00, 0x0F, 0xF0, 0x00, 0x00, 0x00, 0x01, 0xFE, 0x00, 0x00, 0x00, 0x00, 0x3F, 0xC0, 0x00, 0x00, 0x00,
    0x07, 0xF8, 0x00, 0x00, 0x00, 0x00, 0xFF, 0x00, 0x00, 0x00, 0x00, 0x1F, 0xE0, 0x00, 0x00, 0x00, 0x03, 0xFC, 0x00,
    0x00, 0x00, 0x00, 0x7F, 0x80, 0x00, 0x0C, 0x00, 0x0F, 0xF0, 0x00, 0x00, 0x60, 0x01, 0xFE, 0x00, 0x00, 0x07, 0x00,
    0x3F, 0xC0, 0x00, 0x00, 0x78, 0x07, 0xF8, 0x00, 0x00, 0x07, 0xC0, 0xFF, 0x00, 0x00, 0x00, 0x7C, 0x1F, 0xE0, 0x00,
    0x00, 0x07, 0xC3, 0xFC, 0x00, 0x00, 0x00, 0x7C, 0x7F, 0x80, 0x00, 0x00, 0x07, 0xCF, 0xF0, 0x00, 0x00, 0x00, 0x7D,
    0xFE, 0x00, 0x00, 0x00, 0x07, 0xFF, 0xC0, 0x00, 0x00, 0x00, 0x3F, 0xF8, 0x00, 0x00, 0x00, 0x03, 0xFF, 0x00, 0x00,
    0x00, 0x00, 0x3F, 0xE0, 0x00, 0x00, 0x00, 0x03, 0xFE, 0x00, 0x00, 0x00, 0x00, 0x3F, 0xFF, 0x80, 0x00, 0x00, 0x03,
    0xFF, 0xFC, 0x00, 0x00, 0x00, 0x3F, 0xFF, 0xE0, 0x00, 0x00, 0x01, 0xFF, 0xFF, 0x00, 0x00, 0x00, 0x00, 0x1F, 0xF8,
    0x00, 0x00, 0x00, 0x00, 0x00, 0x80, 0x00, 0x00, 0x00, 0x00, 0x00, 0x7F, 0xFE, 0x00, 0x00, 0x00, 0x00, 0x00, 0x0F,
    0xFF, 0xFF, 0x80, 0x00, 0x00, 0x00, 0x00, 0xFF, 0xFF, 0xFF, 0xE0, 0x00, 0x00, 0x00, 0x07, 0xFF, 0xFF, 0xFF, 0xF0,
    0x00, 0x00, 0x00, 0x1F, 0xFF, 0xEF, 0xFF, 0xF0, 0x00, 0x00, 0x00, 0xFF, 0xE0, 0x00, 0x3F, 0xF8, 0x00, 0x00, 0x03,
    0xFE, 0x00, 0x00, 0x0F, 0xF8, 0x00, 0x00, 0x0F, 0xF0, 0x00, 0x00, 0x07, 0xFC, 0x00, 0x00, 0x7F, 0x80, 0x00, 0x00,
    0x03, 0xFC, 0x00, 0x01, 0xFE, 0x00, 0x00, 0x00, 0x03, 0xFC, 0x00, 0x03, 0xF8, 0x00, 0x00, 0x00, 0x01, 0xFC, 0x00,
    0x0F, 0xC0, 0x03, 0xFF, 0xE0, 0x01, 0xF8, 0x00, 0x3F, 0x00, 0x1F, 0xFF, 0xF0, 0x01, 0xF8, 0x00, 0xFC, 0x00, 0xFF,
    0xFF, 0xF8, 0x01, 0xF8, 0x01, 0xF0, 0x07, 0xFF, 0xFF, 0xFC, 0x01, 0xF8, 0x07, 0xE0, 0x1F, 0xFF, 0x7F, 0xFC, 0x03,
    0xF0, 0x1F, 0x80, 0x7F, 0xC0, 0x07, 0xFC, 0x03, 0xF0, 0x3E, 0x01, 0xFE, 0x00, 0x03, 0xFC, 0x03, 0xE0, 0xFC, 0x07,
    0xF0, 0x00, 0x01, 0xFC, 0x07, 0xE1, 0xF0, 0x1F, 0xC0, 0x00, 0x01, 0xFC, 0x07, 0xC3, 0xE0, 0x3F, 0x00, 0x00, 0x01,
    0xF8, 0x0F, 0xCF, 0x80, 0xFC, 0x00, 0x00, 0x01, 0xF8, 0x0F, 0x9F, 0x03, 0xF0, 0x00, 0x00, 0x01, 0xF0, 0x1F, 0x3E,
    0x07, 0xC0, 0x00, 0x00, 0x03, 0xF0, 0x3E, 0x78, 0x0F, 0x80, 0x00, 0x00, 0x03, 0xE0, 0x3F, 0xF0, 0x3E, 0x00, 0x00,
    0x00, 0x07, 0xE0, 0x7F, 0xE0, 0x7C, 0x00, 0x00, 0x00, 0x07, 0xC0, 0xFF, 0xC0, 0xF8, 0x00, 0x00, 0x00, 0x0F, 0x81,
    0xFF, 0x81, 0xF0, 0x00, 0x00, 0x00, 0x1F, 0x03, 0xFF, 0x03, 0xE0, 0x00, 0x00, 0x00, 0x3E, 0x07, 0xFC, 0x0F, 0x80,
    0x00, 0x00, 0x00, 0x7C, 0x07, 0xF8, 0x1F, 0x00, 0x00, 0x00, 0x00, 0xF8, 0x0F, 0xF0, 0x3E, 0x00, 0x00, 0x00, 0x01,
    0xF0, 0x1F, 0xF0, 0x3C, 0x00, 0x00, 0x00, 0x03, 0xE0, 0x7F, 0xE0, 0x7C, 0x00, 0x00, 0x00, 0x07, 0xC0, 0xFF, 0xC0,
    0xF8, 0x00, 0x00, 0x00, 0x0F, 0x81, 0xFF, 0x81, 0xF0, 0x00, 0x00, 0x00, 0x1F, 0x03, 0xFF, 0x03, 0xE0, 0x00, 0x00,
    0x00, 0x7E, 0x07, 0xFE, 0x03, 0xE0, 0x00, 0x00, 0x00, 0xF8, 0x0F, 0xBE, 0x07, 0xC0, 0x00, 0x00, 0x01, 0xF0, 0x3E,
    0x7C, 0x0F, 0xC0, 0x00, 0x00, 0x07, 0xC0, 0x7C, 0xF8, 0x0F, 0xC0, 0x00, 0x00, 0x1F, 0x80, 0xF8, 0xF8, 0x0F, 0xC0,
    0x00, 0x00, 0x7E, 0x03, 0xE1, 0xF0, 0x1F, 0xC0, 0x00, 0x01, 0xFC, 0x07, 0xC1, 0xF0, 0x1F, 0xC0, 0x00, 0x07, 0xF0,
    0x1F, 0x83, 0xE0, 0x1F, 0xC0, 0x00, 0x1F, 0xC0, 0x3E, 0x03, 0xE0, 0x1F, 0xE0, 0x00, 0xFF, 0x00, 0xFC, 0x07, 0xE0,
    0x1F, 0xFC, 0x1F, 0xFC, 0x03, 0xF0, 0x07, 0xE0, 0x1F, 0xFF, 0xFF, 0xF0, 0x07, 0xC0, 0x07, 0xC0, 0x0F, 0xFF, 0xFF,
    0x80, 0x1F, 0x80, 0x0F, 0xC0, 0x0F, 0xFF, 0xFE, 0x00, 0x7E, 0x00, 0x0F, 0xC0, 0x03, 0xFF, 0xE0, 0x01, 0xF8, 0x00,
    0x0F, 0xE0, 0x00, 0x38, 0x00, 0x07, 0xE0, 0x00, 0x0F, 0xE0, 0x00, 0x00, 0x00, 0x3F, 0x80, 0x00, 0x0F, 0xE0, 0x00,
    0x00, 0x00, 0xFF, 0x00, 0x00, 0x0F, 0xF0, 0x00, 0x00, 0x07, 0xF8, 0x00, 0x00, 0x0F, 0xF8, 0x00, 0x00, 0x3F, 0xE0,
    0x00, 0x00, 0x0F, 0xFE, 0x00, 0x01, 0xFF, 0x80, 0x00, 0x00, 0x07, 0xFF, 0xE0, 0xFF, 0xFC, 0x00, 0x00, 0x00, 0x07,
    0xFF, 0xFF, 0xFF, 0xE0, 0x00, 0x00, 0x00, 0x03, 0xFF, 0xFF, 0xFF, 0x00, 0x00, 0x00, 0x00, 0x00, 0xFF, 0xFF, 0xF8,
    0x00, 0x00, 0x00, 0x00, 0x00, 0x3F, 0xFF, 0x80, 0x00, 0x00, 0x00, 0x00, 0x00, 0x00, 0x00, 0xFF, 0xFF, 0x00, 0x00,
    0x00, 0x00, 0x00, 0x00, 0x00, 0x3F, 0xFF, 0xFF, 0xC0, 0x00, 0x00, 0x00, 0x00, 0x00, 0x07, 0xFF, 0xFF, 0xFF, 0xC0,
    0x00, 0x00, 0x00, 0x00, 0x00, 0x7F, 0xFF, 0xFF, 0xFF, 0xE0, 0x00, 0x00, 0x00, 0x00, 0x07, 0xFF, 0xFC, 0x7F, 0xFF,
    0xC0, 0x00, 0x00, 0x00, 0x00, 0x7F, 0xF8, 0x00, 0x03, 0xFF, 0xC0, 0x00, 0x00, 0x00, 0x03, 0xFF, 0x00, 0x00, 0x01,
    0xFF, 0xC0, 0x00, 0x00, 0x00, 0x3F, 0xE0, 0x00, 0x00, 0x00, 0xFF, 0x80, 0x00, 0x00, 0x01, 0xFE, 0x00, 0x00, 0x00,
    0x00, 0xFF, 0x00, 0x00, 0x00, 0x0F, 0xF0, 0x00, 0x00, 0x00, 0x01, 0xFE, 0x00, 0x00, 0x00, 0x7F, 0x00, 0x00, 0x00,
    0x00, 0x01, 0xFC, 0x00, 0x00, 0x03, 0xF8, 0x00, 0x00, 0x00, 0x00, 0x03, 0xF8, 0x00, 0x00, 0x1F, 0xC0, 0x00, 0x00,
    0x00, 0x00, 0x07, 0xF0, 0x00, 0x00, 0xFC, 0x00, 0x00, 0x00, 0x00, 0x00, 0x0F, 0xE0, 0x00, 0x07, 0xE0, 0x00, 0x00,
    0x00, 0x00, 0x00, 0x1F, 0xC0, 0x00, 0x3F, 0x00, 0x00, 0x00, 0x00, 0x00, 0x00, 0x3F, 0x80, 0x00, 0xFC, 0x00, 0x00,
    0x00, 0x00, 0x00, 0x00, 0x7E, 0x00, 0x07, 0xE0, 0x00, 0x00, 0x00, 0x00, 0x00, 0x00, 0xFC, 0x00, 0x3F, 0x00, 0x00,
    0x00, 0x00, 0x00, 0x00, 0x01, 0xF8, 0x00, 0xF8, 0x00, 0x00, 0x00, 0x00, 0x00, 0x00, 0x03, 0xE0, 0x07, 0xE0, 0x00,
    0x00, 0x00, 0x00, 0x00, 0x00, 0x0F, 0xC0, 0x1F, 0x00, 0x00, 0x00, 0x00, 0x00, 0x00, 0x00, 0x1F, 0x00, 0xF8, 0x00,
    0x00, 0x00, 0x00, 0x00, 0x00, 0x00, 0x3E, 0x03, 0xE0, 0x00, 0x00, 0x00, 0x00, 0x00, 0x00, 0x00, 0xF8, 0x1F, 0x00,
    0x00, 0x00, 0x00, 0x00, 0x00, 0x00, 0x01, 0xF0, 0x7C, 0x00, 0x00, 0x00, 0x00, 0x00, 0x00, 0x00, 0x07, 0xC3, 0xF0,
    0x00, 0x00, 0x00, 0x00, 0x00, 0x00, 0x00, 0x1F, 0x0F, 0x80, 0x00, 0x00, 0x00, 0x00, 0x00, 0x00, 0x00, 0x3E, 0x3E,
    0x00, 0x00, 0x00, 0x00, 0x00, 0x00, 0x00, 0x00, 0xF8, 0xF8, 0x00, 0x00, 0x00, 0x00, 0x00, 0x00, 0x00, 0x03, 0xE7,
    0xC0, 0x00, 0x00, 0x00, 0x00, 0x00, 0x00, 0x00, 0x07, 0xDF, 0x00, 0x00, 0x00, 0x00, 0x00, 0x00, 0x00, 0x00, 0x1F,
    0x7C, 0x00, 0x00, 0x00, 0x00, 0x00, 0x00, 0x00, 0x00, 0x7D, 0xF0, 0x00, 0x00, 0x00, 0x00, 0x00, 0x00, 0x00, 0x01,
    0xF7, 0xC0, 0x00, 0x00, 0x00, 0x00, 0x00, 0x00, 0x00, 0x07, 0xDF, 0x00, 0x00, 0x00, 0x00, 0x00, 0x00, 0x00, 0x00,
    0x1F, 0x78, 0x00, 0x00, 0x00, 0x00, 0x00, 0x00, 0x00, 0x00, 0x3D, 0xE0, 0x00, 0x00, 0x00, 0x00, 0x00, 0x00, 0x00,
    0x00, 0xFF, 0x80, 0x00, 0x00, 0x00, 0x00, 0x00, 0x00, 0x00, 0x03, 0xDE, 0x00, 0x00, 0x00, 0x00, 0x00, 0x00, 0x00,
    0x00, 0x0F, 0x78, 0x00, 0x00, 0x00, 0x00, 0x00, 0x00, 0x00, 0x00, 0x3D, 0xE0, 0x00, 0x00, 0x00, 0x00, 0x00, 0x00,
    0x00, 0x00, 0xF7, 0xC0, 0x00, 0x00, 0x00, 0x00, 0x00, 0x00, 0x00, 0x07, 0xDF, 0x00, 0x00, 0x00, 0x00, 0x00, 0x00,
    0x00, 0x00, 0x1F, 0x7C, 0x00, 0x00, 0x00, 0x00, 0x00, 0x00, 0x00, 0x00, 0x7D, 0xF0, 0x00, 0x00, 0x00, 0x00, 0x00,
    0x00, 0x00, 0x01, 0xF7, 0xC0, 0x00, 0x00, 0x00, 0x00, 0x00, 0x00, 0x00, 0x07, 0xDF, 0x00, 0x00, 0x00, 0x00, 0x00,
    0x00, 0x00, 0x00, 0x1E, 0x3E, 0x00, 0x00, 0x00, 0x00, 0x00, 0x00, 0x00, 0x00, 0xF8, 0xF8, 0x00, 0x00, 0x00, 0x00,
    0x00, 0x00, 0x00, 0x03, 0xE3, 0xE0, 0x00, 0x00, 0x00, 0x00, 0x00, 0x00, 0x00, 0x0F, 0x87, 0xC0, 0x00, 0x00, 0x00,
    0x00, 0x00, 0x00, 0x00, 0x7C, 0x1F, 0x00, 0x00, 0x00, 0x00, 0x00, 0x00, 0x00, 0x01, 0xF0, 0x7C, 0x00, 0x00, 0x00,
    0x00, 0x00, 0x00, 0x00, 0x0F, 0xC0, 0xF8, 0x00, 0x00, 0x00, 0x00, 0x00, 0x00, 0x00, 0x3E, 0x03, 0xE0, 0x00, 0x00,
    0x00, 0x00, 0x00, 0x00, 0x01, 0xF8, 0x07, 0xC0, 0x00, 0x00, 0x00, 0x00, 0x00, 0x00, 0x07, 0xC0, 0x1F, 0x80, 0x00,
    0x00, 0x00, 0x00, 0x00, 0x00, 0x3F, 0x00, 0x3E, 0x00, 0x00, 0x00, 0x00, 0x00, 0x00, 0x00, 0xF8, 0x00, 0xFC, 0x00,
    0x00, 0x00, 0x00, 0x00, 0x00, 0x07, 0xE0, 0x01, 0xF8, 0x00, 0x00, 0x00, 0x00, 0x00, 0x00, 0x3F, 0x00, 0x03, 0xF0,
    0x00, 0x00, 0x00, 0x00, 0x00, 0x01, 0xF8, 0x00, 0x0F, 0xC0, 0x00, 0x00, 0x00, 0x00, 0x00, 0x0F, 0xE0, 0x00, 0x1F,
    0x80, 0x00, 0x00, 0x00, 0x00, 0x00, 0x7F, 0x00, 0x00, 0x3F, 0x00, 0x00, 0x00, 0x00, 0x00, 0x03, 0xF8, 0x00, 0x00,
    0x7F, 0x00, 0x00, 0x00, 0x00, 0x00, 0x1F, 0xC0, 0x00, 0x00, 0xFE, 0x00, 0x00, 0x00, 0x00, 0x00, 0xFE, 0x00, 0x00,
    0x01, 0xFC, 0x00, 0x00, 0x00, 0x00, 0x07, 0xF0, 0x00, 0x00, 0x03, 0xFC, 0x00, 0x00, 0x00, 0x00, 0x7F, 0x80, 0x00,
    0x00, 0x07, 0xF8, 0x00, 0x00, 0x00, 0x03, 0xFC, 0x00, 0x00, 0x00, 0x0F, 0xF8, 0x00, 0x00, 0x00, 0x3F, 0xE0, 0x00,
    0x00, 0x00, 0x0F, 0xFC, 0x00, 0x00, 0x07, 0xFE, 0x00, 0x00, 0x00, 0x00, 0x1F, 0xFE, 0x00, 0x00, 0xFF, 0xF0, 0x00,
    0x00, 0x00, 0x00, 0x1F, 0xFF, 0xF9, 0xFF, 0xFF, 0x00, 0x00, 0x00, 0x00, 0x00, 0x1F, 0xFF, 0xFF, 0xFF, 0xF0, 0x00,
    0x00, 0x00, 0x00, 0x00, 0x1F, 0xFF, 0xFF, 0xFF, 0x00, 0x00, 0x00, 0x00, 0x00, 0x00, 0x0F, 0xFF, 0xFF, 0xE0, 0x00,
    0x00, 0x00, 0x00, 0x00, 0x00, 0x03, 0xFF, 0xFC, 0x00, 0x00, 0x00, 0x00, 0x00, 0x00, 0x00, 0x03, 0x80, 0x00, 0x00,
    0x00, 0x00, 0x00, 0x00, 0x1F, 0x00, 0x00, 0x00, 0x00, 0x00, 0x00, 0x00, 0x7C, 0x00, 0x00, 0x00, 0x00, 0x00, 0x00,
    0x01, 0xF0, 0x00, 0x00, 0x00, 0x00, 0x00, 0x00, 0x77, 0xF0, 0x00, 0x00, 0x00, 0x00, 0x00, 0x01, 0xFF, 0xF0, 0x00,
    0x00, 0x00, 0x00, 0x00, 0x07, 0xFF, 0xC0, 0x00, 0x00, 0x00, 0x00, 0x00, 0x1F, 0xFF, 0x00, 0x00, 0x00, 0x00, 0x00,
    0x00, 0x7F, 0xFC, 0x00, 0x00, 0x00, 0x00, 0x00, 0x00, 0x1F, 0x00, 0x00, 0x00, 0x00, 0x00, 0x00, 0x00, 0x7C, 0x00,
    0x00, 0x00, 0x00, 0x00, 0x00, 0x01, 0xF0, 0x00, 0x00, 0x00, 0x00, 0x00, 0x00, 0x3F, 0xF8, 0x00, 0x00, 0x00, 0x00,
    0x00, 0x03, 0xFF, 0xF0, 0x00, 0x00, 0x00, 0x00, 0x00, 0x0F, 0xFF, 0xE0, 0x00, 0x00, 0x00, 0x00, 0x00, 0x7E, 0x1F,
    0x80, 0x00, 0x00, 0x00, 0x00, 0x01, 0xF0, 0x3F, 0x00, 0x00, 0x00, 0x00, 0x1E, 0x07, 0xC0, 0x7C, 0x00, 0x00, 0x00,
    0x07, 0xFF, 0x1F, 0x01, 0xE1, 0xFF, 0x80, 0x00, 0x7F, 0xFF, 0x3C, 0x07, 0x9F, 0xFF, 0x80, 0x03, 0xFF, 0xFF, 0xF0,
    0x1E, 0xFF, 0xFF, 0x80, 0x3F, 0xFF, 0xFF, 0xC0, 0x7F, 0xFF, 0xFF, 0x01, 0xFF, 0xFF, 0xFF, 0x01, 0xFF, 0xFF, 0xFE,
    0x07, 0xF0, 0x03, 0xFC, 0x07, 0xF8, 0x03, 0xFC, 0x3F, 0x80, 0x07, 0xF0, 0x3F, 0xC0, 0x03, 0xF1, 0xF8, 0x00, 0x0F,
    0xE0, 0xFE, 0x00, 0x07, 0xE7, 0xE0, 0x00, 0x1F, 0x83, 0xF0, 0x00, 0x1F, 0x9F, 0x00, 0x00, 0x3E, 0x0F, 0x80, 0x00,
    0x3F, 0xF8, 0x00, 0x00, 0x78, 0x7E, 0x00, 0x00, 0x7F, 0xE0, 0x00, 0x01, 0xF1, 0xF0, 0x00, 0x01, 0xFF, 0x80, 0x00,
    0x03, 0xC7, 0xC0, 0x00, 0x07, 0xFE, 0x00, 0x00, 0x0F, 0x1E, 0x00, 0x00, 0x1F, 0xF0, 0x00, 0x00, 0x3C, 0xF8, 0x00,
    0x00, 0x3F, 0xC0, 0x00, 0x00, 0x7B, 0xC0, 0x00, 0x01, 0xFF, 0x00, 0x00, 0x01, 0xEF, 0x00, 0x00, 0x07, 0xFE, 0x00,
    0x00, 0x07, 0xFC, 0x00, 0x00, 0x1F, 0xF8, 0x00, 0x00, 0x1F, 0xF0, 0x00, 0x00, 0x7F, 0xE0, 0x00, 0x00, 0x3F, 0x80,
    0x00, 0x01, 0xF7, 0xC0, 0x00, 0x00, 0xFE, 0x00, 0x00, 0x0F, 0xDF, 0x00, 0x00, 0x03, 0xF8, 0x00, 0x00, 0x3E, 0x7C,
    0x00, 0x00, 0x0F, 0xE0, 0x00, 0x01, 0xF8, 0xF8, 0x00, 0x00, 0x3F, 0x80, 0x00, 0x07, 0xE3, 0xF0, 0x00, 0x00, 0xFE,
    0x00, 0x00, 0x3F, 0x07, 0xC0, 0x00, 0x03, 0xF8, 0x00, 0x01, 0xFC, 0x1F, 0x80, 0x00, 0x0F, 0xE0, 0x00, 0x07, 0xE0,
    0x3F, 0x00, 0x00, 0x3F, 0x00, 0x00, 0x3F, 0x80, 0x7E, 0x00, 0x00, 0x7C, 0x00, 0x01, 0xFC, 0x01, 0xFC, 0x00, 0x01,
    0xF0, 0x00, 0x0F, 0xE0, 0x03, 0xF8, 0x00, 0x07, 0xC0, 0x00, 0x7F, 0x80, 0x07, 0xF0, 0x00, 0x1F, 0x00, 0x03, 0xFC,
    0x00, 0x0F, 0xE0, 0x00, 0x7C, 0x00, 0x1F, 0xE0, 0x00, 0x1F, 0xC0, 0x07, 0xF0, 0x00, 0xFF, 0x00, 0x00, 0x3F, 0xFF,
    0xFF, 0xFF, 0xFF, 0xF8, 0x00, 0x00, 0x7F, 0xFF, 0xFF, 0xFF, 0xFF, 0xC0, 0x00, 0x00, 0xFF, 0xFF, 0xFF, 0xFF, 0xFE,
    0x00, 0x00, 0x03, 0xFF, 0xFF, 0xFF, 0xFF, 0xF8, 0x00, 0x00, 0x0F, 0xFF, 0xFF, 0xFF, 0xFF, 0xE0, 0x00, 0x00, 0x3F,
    0x00, 0x00, 0x00, 0x7F, 0x80, 0x00, 0x00, 0xF8, 0x00, 0x00, 0x00, 0x3E, 0x00, 0x00, 0x03, 0xE0, 0x00, 0x00, 0x00,
    0xF8, 0x00, 0x00, 0x0F, 0x80, 0x00, 0x00, 0x03, 0xE0, 0x00, 0x00, 0x3E, 0x3F, 0xFF, 0xFE, 0x0F, 0x80, 0x00, 0x00,
    0xFF, 0xFF, 0xFF, 0xFF, 0xFE, 0x00, 0x00, 0x03, 0xFF, 0xFF, 0xFF, 0xFF, 0xF8, 0x00, 0x00, 0x0F, 0xFF, 0xFF, 0xFF,
    0xFF, 0xE0, 0x00, 0x00, 0x3F, 0xF0, 0x00, 0x03, 0xFF, 0x80, 0x00, 0x00, 0xF0, 0x00, 0x00, 0x00, 0x3E, 0x00, 0x00,
    0x07, 0xC0, 0x00, 0x00, 0x00, 0x78, 0x00, 0x00, 0x1F, 0x0F, 0xFF, 0xFF, 0xC1, 0xE0, 0x00, 0x00, 0x7F, 0xFF, 0xFF,
    0xFF, 0xFF, 0x80, 0x00, 0x01, 0xFF, 0xFF, 0xFF, 0xFF, 0xFF, 0x00, 0x00, 0x07, 0xFF, 0xE0, 0x00, 0xFF, 0xFC, 0x00,
    0x00, 0x1F, 0xE0, 0x00, 0x00, 0x1F, 0xF0, 0x00, 0x00, 0x7F, 0xFE, 0x00, 0x01, 0xFF, 0xC0, 0x00, 0x01, 0xFF, 0xFF,
    0xFF, 0xFF, 0xFF, 0x00, 0x00, 0x07, 0xFF, 0xFF, 0xFF, 0xFF, 0xFC, 0x00, 0x00, 0x07, 0xFF, 0xFF, 0xFF, 0xFF, 0xE0,
    0x00, 0x00, 0x00, 0x01, 0xFF, 0xFF, 0x80, 0x00, 0x00, 0x00, 0x00, 0x00, 0x00, 0x7E, 0x00, 0x00, 0x00, 0x00, 0x00,
    0x00, 0x00, 0x00, 0xFF, 0x80, 0x00, 0x00, 0x00, 0x00, 0x00, 0x00, 0x01, 0xFF, 0x80, 0x00, 0x00, 0x00, 0x00, 0x00,
    0x00, 0x01, 0xE3, 0xC0, 0x00, 0x00, 0x00, 0x00, 0x00, 0x7E, 0x01, 0xC1, 0xC0, 0x7F, 0x00, 0x00, 0x00, 0x00, 0xFF,
    0x83, 0xC1, 0xC0, 0xFF, 0x80, 0x00, 0x00, 0x01, 0xFF, 0x81, 0xC3, 0xC1, 0xFF, 0x80, 0x00, 0x00, 0x01, 0xE3, 0xC1,
    0xE7, 0xC1, 0xE3, 0xC0, 0x00, 0x00, 0x01, 0xC1, 0xC1, 0xFF, 0x81, 0xC1, 0xC0, 0x00, 0x00, 0x03, 0xC1, 0xC0, 0xFF,
    0x01, 0xC1, 0xC0, 0x00, 0x00, 0x01, 0xC1, 0xC0, 0x3E, 0x01, 0xC1, 0xC0, 0x00, 0x0F, 0x81, 0xC3, 0xC0, 0x3E, 0x01,
    0xE3, 0xC0, 0xF8, 0x3F, 0xE1, 0xFF, 0x80, 0x3E, 0x00, 0xFF, 0x81, 0xFC, 0x7F, 0xE0, 0xFF, 0x00, 0x3E, 0x00, 0x7F,
    0x83, 0xFE, 0x79, 0xF0, 0x7E, 0x00, 0x3E, 0x00, 0x7E, 0x07, 0x8F, 0xF0, 0xF0, 0x1F, 0x00, 0x7E, 0x00, 0x78, 0x07,
    0x07, 0xE0, 0x70, 0x1F, 0x00, 0x7E, 0x00, 0x78, 0x07, 0x07, 0xF0, 0xF0, 0x0F, 0x00, 0x7E, 0x00, 0xF8, 0x07, 0x07,
    0xF0, 0xF0, 0x0F, 0x80, 0x7F, 0x00, 0xF8, 0x07, 0x8F, 0x7F, 0xE0, 0x0F, 0x80, 0x77, 0x01, 0xF8, 0x03, 0xFF, 0x7F,
    0xC0, 0x0F, 0xC0, 0x77, 0x01, 0xF8, 0x01, 0xFE, 0x1F, 0xC0, 0x0F, 0xC0, 0xF7, 0x01, 0xF8, 0x03, 0xF8, 0x01, 0xE0,
    0x0F, 0xC0, 0xF7, 0x03, 0xF8, 0x03, 0xC0, 0x01, 0xF0, 0x0F, 0xE0, 0xE7, 0x03, 0xF8, 0x07, 0xC0, 0x01, 0xF0, 0x0E,
    0xE0, 0xE7, 0x83, 0xB8, 0x0F, 0x80, 0x00, 0xF8, 0x0E, 0xF0, 0xE7, 0x87, 0xB8, 0x0F, 0x80, 0x00, 0xFC, 0x0E, 0xF0,
    0xE3, 0x87, 0x38, 0x1F, 0x00, 0x00, 0xFC, 0x0E, 0x70, 0xE3, 0x8F, 0x38, 0x3F, 0x00, 0x00, 0x7E, 0x0E, 0x79, 0xE3,
    0x8F, 0x38, 0x3F, 0x00, 0x00, 0x7F, 0x0E, 0x79, 0xE3, 0x8E, 0x78, 0x7E, 0x00, 0x00, 0x7F, 0x0E, 0x39, 0xC3, 0x9E,
    0x78, 0xFE, 0x00, 0x00, 0x3F, 0x8E, 0x3D, 0xC3, 0xDC, 0x78, 0xFE, 0x00, 0x00, 0x3B, 0xCE, 0x1D, 0xC3, 0xDC, 0x79,
    0xFC, 0x00, 0x00, 0x1D, 0xCE, 0x1F, 0xC1, 0xFC, 0x7B, 0xDC, 0x00, 0x00, 0x1D, 0xEE, 0x1F, 0xC1, 0xF8, 0x73, 0xDC,
    0x00, 0x00, 0x1C, 0xEF, 0x0F, 0xC1, 0xF8, 0x77, 0xB8, 0x00, 0x00, 0x0E, 0x7F, 0x0F, 0xC1, 0xF8, 0x7F, 0x38, 0x00,
    0x00, 0x0E, 0x7F, 0x0F, 0x81, 0xF0, 0x7F, 0x78, 0x00, 0x00, 0x0E, 0x3F, 0x07, 0x81, 0xF0, 0x7E, 0x70, 0x00, 0x00,
    0x07, 0x3F, 0x07, 0x81, 0xE0, 0x7C, 0x70, 0x00, 0x00, 0x07, 0x1F, 0x03, 0x80, 0xE0, 0x7C, 0xF0, 0x00, 0x00, 0x07,
    0x0F, 0x03, 0x80, 0xE0, 0x78, 0xE0, 0x00, 0x00, 0x03, 0x8F, 0x03, 0x80, 0xC0, 0x70, 0xE0, 0x00, 0x00, 0x03, 0x87,
    0x01, 0x80, 0xC0, 0x71, 0xE0, 0x00, 0x00, 0x03, 0x87, 0x1F, 0xFF, 0xFC, 0x61, 0xC0, 0x00, 0x00, 0x01, 0xC3, 0xFF,
    0xFF, 0xFF, 0xE1, 0xC0, 0x00, 0x00, 0x01, 0xDF, 0xFF, 0xFF, 0xFF, 0xFF, 0xC0, 0x00, 0x00, 0x01, 0xFF, 0xFF, 0x81,
    0xFF, 0xFF, 0x80, 0x00, 0x00, 0x00, 0xFF, 0xC0, 0x00, 0x01, 0xFF, 0x80, 0x00, 0x00, 0x00, 0xF8, 0x00, 0x00, 0x00,
    0x1F, 0x80, 0x00, 0x00, 0x00, 0xF0, 0x00, 0x00, 0x00, 0x07, 0x00, 0x00, 0x00, 0x00, 0xF0, 0x1F, 0xFF, 0xFC, 0x07,
    0x00, 0x00, 0x00, 0x00, 0xF3, 0xFF, 0xFF, 0xFF, 0xC7, 0x00, 0x00, 0x00, 0x00, 0xFF, 0xFF, 0xC3, 0xFF, 0xFF, 0x00,
    0x00, 0x00, 0x00, 0xFF, 0xC0, 0x00, 0x03, 0xFF, 0x00, 0x00, 0x00, 0x00, 0xFC, 0x00, 0x00, 0x00, 0x3F, 0x00, 0x00,
    0x00, 0x00, 0xF0, 0x00, 0x18, 0x00, 0x07, 0x00, 0x00, 0x00, 0x00, 0xF0, 0x3F, 0xFF, 0xFC, 0x07, 0x80, 0x00, 0x00,
    0x00, 0xF3, 0xFF, 0xFF, 0xFF, 0xC7, 0x80, 0x00, 0x00, 0x00, 0xFF, 0xFF, 0xFF, 0xFF, 0xFF, 0x80, 0x00, 0x00, 0x00,
    0xFF, 0xE0, 0x00, 0x03, 0xFF, 0x80, 0x00, 0x00, 0x00, 0xFC, 0x00, 0x00, 0x00, 0x3F, 0x80, 0x00, 0x00, 0x00, 0xF0,
    0x00, 0x00, 0x00, 0x07, 0x80, 0x00, 0x00, 0x00, 0xF0, 0x3F, 0xFF, 0xFC, 0x07, 0x80, 0x00, 0x00, 0x00, 0xF3, 0xFF,
    0xFF, 0xFF, 0xC7, 0x80, 0x00, 0x00, 0x00, 0xFF, 0xFF, 0xFF, 0xFF, 0xFF, 0x80, 0x00, 0x00, 0x01, 0xFF, 0xE0, 0x00,
    0x0F, 0xFF, 0x80, 0x00, 0x00, 0x01, 0xFC, 0x00, 0x00, 0x00, 0x3F, 0x80, 0x00, 0x00, 0x01, 0xE0, 0x00, 0x00, 0x00,
    0x07, 0x80, 0x00, 0x00, 0x01, 0xE0, 0x00, 0x00, 0x00, 0x07, 0xC0, 0x00, 0x00, 0x01, 0xFF, 0xF0, 0x00, 0x0F, 0xFF,
    0xC0, 0x00, 0x00, 0x01, 0xFF, 0xFF, 0xFF, 0xFF, 0xFF, 0xC0, 0x00, 0x00, 0x01, 0xFF, 0xFF, 0xFF, 0xFF, 0xFF, 0xC0,
    0x00, 0x00, 0x00, 0x0F, 0xFF, 0xFF, 0xFF, 0xF0, 0x00, 0x00, 0x07, 0xFE, 0x01, 0xFF, 0xFC, 0x0F, 0xFE, 0x00, 0x3F,
    0xF0, 0x0F, 0xFF, 0xE0, 0x7F, 0xF0, 0x01, 0xFF, 0x80, 0x7F, 0xFF, 0x01, 0xFF, 0x80, 0x0F, 0x1C, 0x03, 0x80, 0x38,
    0x0E, 0x1C, 0x00, 0x78, 0xE0, 0x1C, 0x01, 0xC0, 0x70, 0xE0, 0x03, 0xC7, 0xFF, 0xE0, 0x0F, 0xFF, 0x87, 0x00, 0x1E,
    0x3F, 0xFF, 0x00, 0x7F, 0xFC, 0x38, 0x00, 0xF1, 0xFF, 0xF8, 0x03, 0xFF, 0xE1, 0xC0, 0x07, 0x80, 0x00, 0x00, 0x00,
    0x00, 0x0E, 0x00, 0x3C, 0x00, 0x00, 0x00, 0x00, 0x00, 0x70, 0x01, 0xE0, 0x00, 0x00, 0x00, 0x00, 0x03, 0x80, 0x0F,
    0x00, 0x00, 0x00, 0x00, 0x00, 0x1C, 0x00, 0x7F, 0xFF, 0xFF, 0xFF, 0xFF, 0xFF, 0xE0, 0x03, 0xFF, 0xFF, 0xFF, 0xFF,
    0xFF, 0xFF, 0x00, 0x1F, 0xFF, 0xFF, 0xFF, 0xFF, 0xFF, 0xF8, 0x00, 0x0F, 0x80, 0x00, 0x00, 0x00, 0x7C, 0x00, 0x00,
    0x1E, 0x00, 0x00, 0x00, 0x07, 0xC0, 0x00, 0x00, 0x7F, 0xFF, 0xFF, 0xFF, 0xFC, 0x00, 0x00, 0x01, 0xFF, 0xFF, 0xFF,
    0xFF, 0xC0, 0x00, 0x00, 0x07, 0xFF, 0xFF, 0xFF, 0xFC, 0x00, 0x00, 0x00, 0x3C, 0x00, 0x00, 0x01, 0xE0, 0x00, 0x00,
    0x01, 0xE0, 0x00, 0x00, 0x0F, 0x00, 0x00, 0x00, 0x0F, 0x00, 0x00, 0x00, 0x78, 0x00, 0x00, 0x00, 0x78, 0x00, 0x00,
    0x03, 0xC0, 0x00, 0x00, 0x03, 0xC0, 0x00, 0x00, 0x1E, 0x00, 0x00, 0x00, 0x1E, 0x00, 0x00, 0x00, 0xF0, 0x00, 0x00,
    0x00, 0xF0, 0x00, 0x00, 0x07, 0x80, 0x00, 0x00, 0x07, 0x80, 0x00, 0x00, 0x3C, 0x00, 0x00, 0x00, 0x3C, 0x00, 0x00,
    0x01, 0xE0, 0x00, 0x00, 0x01, 0xE0, 0x00, 0x00, 0x0F, 0x00, 0x00, 0x00, 0x0F, 0x00, 0x00, 0x00, 0x78, 0x00, 0x00,
    0x00, 0x78, 0x00, 0x00, 0x03, 0xC0, 0x00, 0x00, 0x03, 0xC0, 0x00, 0x00, 0x1E, 0x00, 0x00, 0x00, 0x1E, 0x00, 0x00,
    0x00, 0xF0, 0x00, 0x00, 0x00, 0xF0, 0x00, 0x00, 0x07, 0x80, 0x00, 0x00, 0x07, 0x80, 0x00, 0x00, 0x3C, 0x00, 0x00,
    0x00, 0x3C, 0x00, 0x00, 0x01, 0xE0, 0x00, 0x00, 0x01, 0xE0, 0x00, 0x00, 0x0F, 0x00, 0x00, 0x00, 0x0F, 0x00, 0x00,
    0x00, 0x78, 0x00, 0x00, 0x00, 0x78, 0x00, 0x00, 0x03, 0xC0, 0x00, 0x00, 0x03, 0xC0, 0x00, 0x00, 0x1E, 0x00, 0x00,
    0x00, 0x1E, 0x00, 0x00, 0x00, 0xF0, 0x00, 0x00, 0x00, 0xF0, 0x00, 0x00, 0x07, 0x80, 0x00, 0x00, 0x07, 0x80, 0x00,
    0x00, 0x3C, 0x00, 0x00, 0x00, 0x3C, 0x00, 0x00, 0x01, 0xE0, 0x00, 0x00, 0x01, 0xE0, 0x00, 0x00, 0x0F, 0x00, 0x00,
    0x00, 0x0F, 0x00, 0x00, 0x00, 0x78, 0x00, 0x00, 0x00, 0xF8, 0x00, 0x00, 0x03, 0xC0, 0x00, 0x00, 0x0F, 0xFF, 0xFF,
    0xFF, 0xFF, 0x80, 0x00, 0x00, 0xFF, 0xFF, 0xFF, 0xFF, 0xFE, 0x00, 0x00, 0x0F, 0xFF, 0xFF, 0xFF, 0xFF, 0xF8, 0x00,
    0x00, 0xF8, 0x00, 0x00, 0x00, 0x03, 0xE0, 0x00, 0x0F, 0x80, 0x00, 0x00, 0x00, 0x0F, 0x80, 0x00, 0xF8, 0x00, 0x00,
    0x00, 0x00, 0x3E, 0x00, 0x3F, 0xFF, 0xFF, 0xFF, 0xFF, 0xFF, 0xFC, 0x01, 0xFF, 0xFF, 0xFF, 0xFF, 0xFF, 0xFF, 0xE0,
    0x0F, 0xFF, 0xFF, 0xFF, 0xFF, 0xFF, 0xFF, 0x00, 0x78, 0x00, 0x00, 0x00, 0x00, 0x00, 0x78, 0x03, 0xC0, 0x00, 0x00,
    0x00, 0x00, 0x03, 0xC0, 0x1E, 0x00, 0x00, 0x00, 0x00, 0x00, 0x1E, 0x00, 0xF0, 0x00, 0x00, 0x00, 0x00, 0x00, 0xF0,
    0x7F, 0xFF, 0xFF, 0xFF, 0xFF, 0xFF, 0xFF, 0xFF, 0xFF, 0xFF, 0xFF, 0xFF, 0xFF, 0xFF, 0xFF, 0xFF, 0xFF, 0xFF, 0xFF,
    0xFF, 0xFF, 0xFF, 0xFF, 0xF0, 0x00, 0x00, 0x00, 0x00, 0x00, 0x00, 0x7F, 0x80, 0x00, 0x00, 0x00, 0x00, 0x00, 0x03,
    0xFC, 0x00, 0x00, 0x00, 0x00, 0x00, 0x00, 0x1F, 0xFF, 0xFF, 0xFF, 0xFF, 0xFF, 0xFF, 0xFF, 0xFF, 0xFF, 0xFF, 0xFF,
    0xFF, 0xFF, 0xFF, 0xFF, 0xFF, 0xFF, 0xFF, 0xFF, 0xFF, 0xFF, 0xFF, 0xFC, 0x00, 0x00, 0x00, 0x00, 0x00, 0x00, 0x00,
    0x00, 0x00, 0x00, 0x00, 0x00, 0x00, 0x00, 0x00, 0x00, 0x00, 0x00, 0x00, 0x00, 0x1F, 0x80, 0x00, 0x00, 0x00, 0x00,
    0x00, 0x00, 0x03, 0xFC, 0x00, 0x00, 0x00, 0x00, 0x00, 0x00, 0x00, 0x7F, 0xE0, 0x00, 0x00, 0x00, 0x00, 0x00, 0x00,
    0x07, 0x0E, 0x00, 0x00, 0x00, 0x00, 0x00, 0x00, 0x00, 0x70, 0x70, 0x00, 0x00, 0x00, 0x00, 0x00, 0x00, 0x07, 0x07,
    0x00, 0x00, 0x00, 0x00, 0x00, 0x00, 0x00, 0x70, 0xF0, 0x00, 0x00, 0x00, 0x00, 0x00, 0x00, 0x07, 0x9E, 0x00, 0x00,
    0x00, 0x00, 0x00, 0x00, 0x00, 0x3F, 0xE0, 0x00, 0x00, 0x00, 0x00, 0x00, 0x00, 0x01, 0xFC, 0x00, 0x00, 0x00, 0x00,
    0x00, 0x00, 0x00, 0x0F, 0x80, 0x00, 0x00, 0x00, 0x00, 0x00, 0x00, 0x07, 0xFE, 0x00, 0x00, 0x00, 0x00, 0x00, 0x00,
    0x01, 0xFF, 0xF8, 0x00, 0x00, 0x00, 0x00, 0x00, 0x00, 0x7F, 0xDF, 0xE0, 0x00, 0x00, 0x00, 0x00, 0x00, 0x0F, 0xE0,
    0x3F, 0x80, 0x00, 0x00, 0x00, 0x00, 0x03, 0xF0, 0x00, 0xFC, 0x00, 0x00, 0x00, 0x00, 0x00, 0x7C, 0x00, 0x03, 0xE0,
    0x00, 0x00, 0x00, 0x00, 0x0F, 0x80, 0x00, 0x1F, 0x00, 0x00, 0x00, 0x00, 0x01, 0xF0, 0x00, 0x00, 0x78, 0x00, 0x00,
    0x00, 0x00, 0x3C, 0x00, 0x00, 0x03, 0xC0, 0x00, 0x00, 0x00, 0x07, 0xC0, 0x00, 0x00, 0x1E, 0x00, 0x00, 0x00, 0x00,
    0xF8, 0x00, 0x00, 0x00, 0xF0, 0x00, 0x00, 0x00, 0x0F, 0x00, 0x1F, 0x80, 0x0F, 0x00, 0x00, 0x00, 0x01, 0xE0, 0x01,
    0xF8, 0x00, 0x78, 0x00, 0x00, 0x00, 0x1E, 0x00, 0x1F, 0x80, 0x03, 0x80, 0x00, 0x00, 0x03, 0xC0, 0x01, 0xF8, 0x00,
    0x3C, 0x00, 0x00, 0x00, 0x3C, 0x00, 0x1F, 0x80, 0x01, 0xC0, 0x00, 0x00, 0x03, 0x80, 0x01, 0xF8, 0x00, 0x1C, 0x00,
    0x00, 0x00, 0x78, 0x1F, 0xFF, 0xFF, 0x01, 0xE0, 0x00, 0x00, 0x07, 0x81, 0xFF, 0xFF, 0xF0, 0x1E, 0x00, 0x00, 0x00,
    0x78, 0x1F, 0xFF, 0xFF, 0x01, 0xE0, 0x00, 0x00, 0x07, 0x01, 0xFF, 0xFF, 0xF0, 0x0E, 0x00, 0x00, 0x00, 0x70, 0x1F,
    0xFF, 0xFF, 0x00, 0xE0, 0x00, 0x00, 0x07, 0x01, 0xFF, 0xFF, 0xF0, 0x0E, 0x00, 0x00, 0x00, 0x70, 0x00, 0x1F, 0x80,
    0x00, 0xE0, 0x00, 0x00, 0x07, 0x80, 0x01, 0xF8, 0x00, 0x1E, 0x00, 0x00, 0x00, 0x78, 0x00, 0x1F, 0x80, 0x01, 0xE0,
    0x00, 0x00, 0x03, 0x80, 0x01, 0xF8, 0x00, 0x1E, 0x00, 0x00, 0x00, 0x38, 0x00, 0x1F, 0x80, 0x01, 0xC0, 0x00, 0x00,
    0x03, 0xC0, 0x00, 0x00, 0x00, 0x3C, 0x00, 0x00, 0x00, 0x1C, 0x00, 0x00, 0x00, 0x03, 0xC0, 0x00, 0x00, 0x01, 0xE0,
    0x00, 0x00, 0x00, 0x78, 0x00, 0x00, 0x00, 0x1E, 0x00, 0x00, 0x00, 0x07, 0x80, 0x00, 0x00, 0x00, 0xF0, 0x00, 0x00,
    0x00, 0xF0, 0x00, 0x00, 0x00, 0x07, 0x80, 0x00, 0x00, 0x1E, 0x00, 0x00, 0x00, 0x00, 0x3C, 0x1F, 0xFF, 0x83, 0xE0,
    0x00, 0x00, 0x00, 0x03, 0xEF, 0xFF, 0xFF, 0x7C, 0x00, 0x00, 0x00, 0x00, 0x1F, 0xFF, 0xFF, 0xFF, 0x80, 0x00, 0x00,
    0x00, 0x00, 0xFF, 0xF0, 0xFF, 0xF0, 0x00, 0x00, 0x00, 0x00, 0x07, 0xE0, 0x00, 0x7E, 0x00, 0x00, 0x00, 0x00, 0x00,
    0x78, 0x00, 0x01, 0xE0, 0x00, 0x00, 0x00, 0x00, 0x0F, 0x00, 0x00, 0x0F, 0x00, 0x00, 0x00, 0x00, 0x00, 0xF0, 0x00,
    0x00, 0xF0, 0x00, 0x00, 0x00, 0x00, 0x0F, 0x00, 0x00, 0x0F, 0x00, 0x00, 0x00, 0x00, 0x01, 0xE0, 0x06, 0x00, 0x78,
    0x00, 0x00, 0x00, 0x00, 0x1E, 0x7F, 0xFF, 0xC7, 0x80, 0x00, 0x00, 0x00, 0x01, 0xFF, 0xFF, 0xFF, 0xF8, 0x00, 0x00,
    0x00, 0x00, 0x3F, 0xFF, 0x07, 0xFF, 0xC0, 0x00, 0x00, 0x00, 0x03, 0xFC, 0x00, 0x01, 0xFC, 0x00, 0x00, 0x00, 0x00,
    0x7F, 0x00, 0x00, 0x0F, 0xC0, 0x00, 0x00, 0x00, 0x03, 0xFE, 0x00, 0x07, 0xFC, 0x00, 0x00, 0x00, 0x00, 0x0F, 0xFF,
    0x0F, 0xFF, 0x00, 0x00, 0x00, 0x00, 0x00, 0x1F, 0xFF, 0xFF, 0x80, 0x00, 0x00, 0x00, 0x00, 0x00, 0x3F, 0xFF, 0xC0,
    0x00, 0x00, 0x00, 0x00, 0x3F, 0xE0, 0x3F, 0xC0, 0x3F, 0xE0, 0x00, 0x00, 0x3F, 0xFF, 0xF7, 0xDF, 0x3F, 0xFF, 0xC0,
    0x00, 0x1F, 0xFF, 0xFF, 0xFD, 0xFF, 0xFF, 0xFF, 0x80, 0x07, 0xF8, 0x01, 0xFF, 0xDF, 0xFC, 0x01, 0xFE, 0x01, 0xF8,
    0x0E, 0x00, 0x1D, 0x80, 0x07, 0x83, 0xF8, 0x7E, 0x1F, 0xFF, 0x8F, 0xDF, 0x1F, 0xFF, 0x87, 0xCF, 0x8F, 0xFF, 0xFF,
    0xF0, 0xFF, 0xFF, 0xFF, 0x1F, 0xE3, 0xFC, 0x1F, 0xF8, 0x01, 0xFF, 0x87, 0xFC, 0x7C, 0xFE, 0x00, 0x00, 0x00, 0x00,
    0x00, 0x07, 0xF7, 0xFF, 0x00, 0x00, 0x00, 0x00, 0x00, 0x00, 0x1F, 0xFF, 0xC0, 0x00, 0x00, 0x00, 0x00, 0x00, 0x00,
    0x7F, 0xF0, 0x00, 0x00, 0x00, 0x00, 0x00, 0x00, 0x01, 0xFC, 0x00, 0x00, 0x00, 0x00, 0x00, 0x00, 0x00, 0x07, 0x00,
    0x00, 0x00, 0x00, 0x00, 0x00, 0x00, 0x00, 0x10, 0x00, 0x00, 0x00, 0x38, 0x00, 0x00, 0x00, 0x00, 0x00, 0x00, 0x00,
    0x3C, 0x00, 0x00, 0x00, 0x00, 0x00, 0x00, 0x00, 0x7F, 0x00, 0x00, 0x00, 0x00, 0x00, 0x01, 0x80, 0x7F, 0x00, 0x00,
    0x00, 0x00, 0x00, 0x03, 0xE0, 0x7F, 0x80, 0x00, 0x00, 0x00, 0x00, 0x03, 0xF8, 0x7F, 0x80, 0x00, 0x00, 0x00, 0x00,
    0x01, 0xFC, 0x7B, 0x80, 0x00, 0x00, 0x00, 0x00, 0x01, 0xFE, 0x7B, 0xC0, 0x00, 0x00, 0x00, 0x00, 0x00, 0xFF, 0x79,
    0xC0, 0x00, 0x00, 0x00, 0x00, 0x00, 0x77, 0xF1, 0xE0, 0x00, 0x00, 0x00, 0x00, 0x00, 0x73, 0xF1, 0xFC, 0x00, 0x00,
    0x00, 0x00, 0x00, 0x39, 0xF1, 0xFF, 0x00, 0x00, 0x00, 0x00, 0x00, 0x79, 0x81, 0xFF, 0xC0, 0x00, 0x00, 0x00, 0x00,
    0xFC, 0x01, 0xFF, 0xE0, 0x00, 0x00, 0x00, 0x01, 0xF8, 0x00, 0x3F, 0xF8, 0x00, 0x00, 0x00, 0x07, 0xE0, 0x00, 0x0F,
    0xFC, 0x00, 0x00, 0x00, 0x0F, 0x80, 0x00, 0x03, 0xFE, 0x00, 0x00, 0x00, 0x1F, 0x00, 0x00, 0x00, 0xFF, 0x00, 0x00,
    0x00, 0x1F, 0x1E, 0x00, 0x00, 0x7F, 0x80, 0x00, 0x00, 0x1E, 0x7C, 0x00, 0x00, 0x3F, 0xC0, 0x00, 0x00, 0x3E, 0x7C,
    0x00, 0x00, 0x1F, 0xE0, 0x00, 0x00, 0x3C, 0xF8, 0x00, 0x00, 0x0F, 0xE0, 0x00, 0x00, 0x3C, 0xF8, 0x00, 0x00, 0x07,
    0xF0, 0x00, 0x00, 0x78, 0xF8, 0x00, 0x10, 0x03, 0xF8, 0x00, 0x00, 0x78, 0xF0, 0x00, 0x10, 0x01, 0xFC, 0x00, 0x00,
    0xF0, 0x00, 0x00, 0x10, 0x00, 0xFC, 0x00, 0x00, 0xF0, 0x00, 0x00, 0x30, 0x00, 0xFE, 0x00, 0x01, 0xE0, 0x00, 0x00,
    0x30, 0x00, 0x7E, 0x00, 0x01, 0xE0, 0x00, 0x00, 0x30, 0x00, 0x3F, 0x00, 0x03, 0xC0, 0x00, 0x00, 0x30, 0x00, 0x3F,
    0x00, 0x07, 0xC0, 0x00, 0x00, 0x30, 0x00, 0x1F, 0x80, 0x07, 0x80, 0x00, 0x00, 0x70, 0x00, 0x1F, 0x80, 0x0F, 0x00,
    0x00, 0x00, 0x70, 0x00, 0x0F, 0xC0, 0x0F, 0x00, 0x00, 0x00, 0x70, 0x00, 0x0F, 0xC0, 0x1E, 0x00, 0x00, 0x00, 0xF0,
    0x00, 0x07, 0xE0, 0x1E, 0x00, 0x00, 0x00, 0xF0, 0x00, 0x07, 0xE0, 0x3C, 0x00, 0x00, 0x01, 0xF0, 0x00, 0x03, 0xE0,
    0x3C, 0x00, 0x00, 0x03, 0xF0, 0x00, 0x03, 0xF0, 0x78, 0x00, 0x00, 0x07, 0xF0, 0x00, 0x03, 0xF0, 0x78, 0x00, 0x00,
    0x8F, 0xF0, 0x00, 0x01, 0xF0, 0x70, 0x00, 0x07, 0x1E, 0xF0, 0x00, 0x01, 0xF8, 0xF0, 0x00, 0x1E, 0x7C, 0xF0, 0x00,
    0x01, 0xF8, 0xF0, 0x00, 0x3F, 0xF9, 0xE0, 0x00, 0x01, 0xF8, 0xE3, 0x00, 0x7F, 0xF1, 0xE0, 0x00, 0x00, 0xF8, 0xE7,
    0x00, 0x7F, 0xC3, 0xE0, 0x00, 0x00, 0xFC, 0xF6, 0x00, 0xFF, 0x07, 0xC0, 0x00, 0x00, 0xFC, 0xF0, 0x00, 0xF8, 0x07,
    0xC0, 0x00, 0x00, 0xFC, 0x78, 0x05, 0xE0, 0x0F, 0x80, 0x00, 0x00, 0x7C, 0x7C, 0x1F, 0xC0, 0x1F, 0x00, 0x00, 0x00,
    0x7C, 0x3E, 0x3F, 0xC0, 0x3F, 0x00, 0x00, 0x00, 0x7E, 0x1F, 0xFF, 0x80, 0x7E, 0x00, 0x00, 0x00, 0x7E, 0x0F, 0xFF,
    0x80, 0x7C, 0x00, 0x00, 0x00, 0x7E, 0x07, 0xFF, 0x00, 0xF8, 0x00, 0x00, 0x00, 0x7E, 0x01, 0xFE, 0x01, 0xF8, 0x00,
    0x00, 0x00, 0x7E, 0x00, 0x00, 0x01, 0xF0, 0x00, 0x00, 0x00, 0x3E, 0x00, 0x00, 0x03, 0xE0, 0x00, 0x00, 0x00, 0x3E,
    0x00, 0x00, 0x07, 0xC0, 0x00, 0x00, 0x00, 0x3E, 0x00, 0x00, 0x07, 0xC0, 0x00, 0x00, 0x00, 0x3E, 0x00, 0x00, 0x0F,
    0x80, 0x00, 0x00, 0x00, 0x3E, 0x00, 0x00, 0x0F, 0x80, 0x00, 0x00, 0x00, 0x3E, 0x00, 0x00, 0x1F, 0x00, 0x00, 0x00,
    0x00, 0x3E, 0x00, 0x00, 0x1F, 0x00, 0x00, 0x00, 0x00, 0x3E, 0x00, 0x00, 0x1E, 0x00, 0x00, 0x00, 0x00, 0x3E, 0x00,
    0x00, 0x3E, 0x00, 0x00, 0x00, 0x00, 0x3E, 0x00, 0x00, 0x3E, 0x00, 0x00, 0x00, 0x00, 0x3F, 0x00, 0x00, 0x3C, 0x00,
    0x00, 0x00, 0x00, 0x3E, 0x00, 0x00, 0x3C, 0x00, 0x00, 0x00, 0x00, 0x3E, 0x00, 0x00, 0x7C, 0x00, 0x00, 0x00, 0x00,
    0x3E, 0x00, 0x00, 0x7C, 0x00, 0x00, 0x00, 0x00, 0x3E, 0x00, 0x00, 0x7F, 0xFF, 0xFF, 0xFF, 0xFF, 0xFE, 0x00, 0x00,
    0x7F, 0xFF, 0xFF, 0xFF, 0xFF, 0xFE, 0x00, 0x00, 0x7F, 0xFF, 0xFF, 0xFF, 0xFF, 0xFE, 0x00, 0x00, 0x3F, 0xFF, 0xFF,
    0xFF, 0xFF, 0xFE, 0x00, 0x00, 0x00, 0x00, 0x00, 0x00, 0x00, 0x00, 0x00, 0x00, 0x00, 0x07, 0xF0, 0x00, 0x00, 0x00,
    0x00, 0x00, 0x00, 0x0F, 0xFE, 0x00, 0x00, 0x00, 0x00, 0x00, 0x00, 0x0F, 0xFF, 0x80, 0x00, 0x00, 0x00, 0x00, 0x00,
    0x0F, 0xFF, 0xE0, 0x00, 0x00, 0x00, 0x00, 0x00, 0x0F, 0x81, 0xF8, 0x00, 0x00, 0x00, 0x00, 0x00, 0x0F, 0x80, 0x3C,
    0x00, 0x00, 0x00, 0x00, 0x00, 0x07, 0x80, 0x1F, 0x00, 0x00, 0x00, 0x00, 0x00, 0x07, 0xC0, 0x07, 0x80, 0x00, 0x00,
    0x00, 0x00, 0x03, 0xC0, 0x03, 0xC0, 0x00, 0x00, 0x00, 0x00, 0x01, 0xE0, 0x01, 0xE0, 0x00, 0x00, 0x00, 0x00, 0x00,
    0xF8, 0x00, 0xF0, 0x00, 0x00, 0x00, 0x00, 0x00, 0x3C, 0x00, 0x78, 0x00, 0x00, 0x00, 0x00, 0x00, 0x1E, 0x00, 0x78,
    0x00, 0x00, 0x00, 0x00, 0x00, 0x0F, 0x80, 0x3C, 0x00, 0x00, 0x00, 0x00, 0x00, 0x03, 0xE0, 0x3C, 0x00, 0x00, 0x00,
    0x00, 0x00, 0x00, 0xF0, 0x3E, 0x00, 0x00, 0x00, 0x00, 0x00, 0x00, 0xFC, 0x3F, 0x00, 0x00, 0x00, 0x00, 0x00, 0x00,
    0xFE, 0x0F, 0xE0, 0x00, 0x00, 0x00, 0x00, 0x00, 0xFC, 0x03, 0xF8, 0x00, 0x00, 0x00, 0x00, 0x00, 0xFC, 0x00, 0x7E,
    0x00, 0x00, 0x00, 0x00, 0x00, 0xF8, 0x00, 0x1F, 0x80, 0x00, 0x00, 0x00, 0x00, 0xF8, 0x00, 0x07, 0xC0, 0x00, 0x00,
    0x00, 0x00, 0x78, 0x00, 0x01, 0xF0, 0x00, 0x00, 0x00, 0x00, 0x7C, 0x00, 0x00, 0x78, 0x00, 0x00, 0x00, 0x00, 0x3C,
    0x00, 0x00, 0x3E, 0x00, 0x00, 0x00, 0x00, 0x3C, 0x00, 0x00, 0x0F, 0x00, 0x00, 0x00, 0x00, 0x1E, 0x00, 0x00, 0x07,
    0xC0, 0x00, 0x00, 0x00, 0x0F, 0x00, 0x00, 0x01, 0xE0, 0x00, 0x00, 0x00, 0x0F, 0x80, 0x00, 0x00, 0xF0, 0x00, 0x00,
    0x00, 0x07, 0x80, 0x00, 0x00, 0x78, 0x00, 0x00, 0x00, 0x03, 0xC0, 0x00, 0x00, 0x3C, 0x00, 0x00, 0x00, 0x01, 0xF0,
    0x00, 0x00, 0x1E, 0x00, 0x00, 0x00, 0x00, 0x78, 0x00, 0x00, 0x0F, 0x00, 0x00, 0x00, 0x00, 0x3C, 0x00, 0x00, 0x07,
    0x80, 0x00, 0x00, 0x00, 0x1E, 0x00, 0x00, 0x07, 0xC0, 0x00, 0x00, 0x00, 0x0F, 0x80, 0x00, 0x03, 0xC0, 0x00, 0x00,
    0x00, 0x03, 0xC0, 0x00, 0x03, 0xE0, 0x00, 0x00, 0x00, 0x01, 0xF0, 0x00, 0x01, 0xE0, 0x00, 0x00, 0x00, 0x00, 0x7C,
    0x00, 0x01, 0xF0, 0x00, 0x00, 0x00, 0x00, 0x3F, 0x00, 0x01, 0xF0, 0x00, 0x00, 0x00, 0x00, 0x0F, 0xC0, 0x03, 0xF8,
    0x00, 0x00, 0x00, 0x00, 0x1F, 0xF8, 0x07, 0xFF, 0x00, 0x00, 0x00, 0x00, 0x1F, 0xFE, 0x03, 0xFF, 0xE0, 0x00, 0x00,
    0x00, 0x3F, 0xF0, 0x00, 0x1F, 0xF8, 0x00, 0x00, 0x00, 0x3F, 0xC0, 0x00, 0x01, 0xFF, 0x00, 0x00, 0x00, 0x7F, 0x80,
    0x00, 0x00, 0x3F, 0xC0, 0x00, 0x00, 0x7F, 0x00, 0x00, 0x00, 0x07, 0xF0, 0x00, 0x00, 0x7E, 0x00, 0x00, 0x00, 0x00,
    0xFC, 0x00, 0x00, 0x7E, 0x00, 0x00, 0x00, 0x00, 0x3F, 0x00, 0x00, 0x7E, 0x00, 0x00, 0x00, 0x00, 0x0F, 0xC0, 0x00,
    0x7E, 0x00, 0x00, 0x00, 0x00, 0x03, 0xF0, 0x00, 0x3E, 0x00, 0x00, 0x00, 0x00, 0x00, 0xFC, 0x00, 0x3E, 0x00, 0x00,
    0x00, 0x00, 0x00, 0x3F, 0x00, 0x3E, 0x00, 0x00, 0x00, 0x00, 0x00, 0x0F, 0x80, 0x1F, 0x00, 0x00, 0x00, 0x00, 0x00,
    0x03, 0xE0, 0x1F, 0x00, 0x00, 0x00, 0x00, 0x00, 0x01, 0xF0, 0x1F, 0x00, 0x00, 0x00, 0x00, 0x00, 0x00, 0x7C, 0x0F,
    0x80, 0x00, 0x00, 0x00, 0x00, 0x00, 0x3E, 0x07, 0x80, 0x00, 0x00, 0x00, 0x00, 0x00, 0x0F, 0x87, 0xC0, 0x00, 0x00,
    0x00, 0x00, 0x00, 0x07, 0xC3, 0xC0, 0x00, 0x00, 0x00, 0x00, 0x00, 0x01, 0xE1, 0xE0, 0x00, 0x00, 0x00, 0x00, 0x00,
    0x00, 0xF1, 0xF0, 0x00, 0x00, 0x00, 0x00, 0x00, 0x00, 0x7C, 0xF0, 0x00, 0x00, 0x00, 0x00, 0x00, 0x00, 0x1E, 0x78,
    0x00, 0x00, 0x00, 0x00, 0x00, 0x00, 0x0F, 0x3C, 0x00, 0x00, 0x00, 0x00, 0x00, 0x00, 0x07, 0x9E, 0x00, 0x00, 0x00,
    0x00, 0x00, 0x00, 0x03, 0xFF, 0x00, 0x00, 0x00, 0x00, 0x00, 0x00, 0x01, 0xFF, 0x80, 0x00, 0x00, 0x00, 0x00, 0x00,
    0x00, 0x7F, 0xC0, 0x00, 0x00, 0x00, 0x00, 0x00, 0x00, 0x3F, 0xFF, 0xFF, 0xFF, 0xFF, 0xFF, 0xFF, 0xFF, 0xFF, 0xFF,
    0xFF, 0xFF, 0xFF, 0xFF, 0xFF, 0xFF, 0xFF, 0xFF, 0xFF, 0xFF, 0xFF, 0xFF, 0xFF, 0xFF, 0xFF, 0xFF, 0xFF, 0xFF, 0xFF,
    0xFF, 0xFF, 0xFF, 0xFF, 0xDF, 0xFF, 0x00, 0x00, 0x00, 0x00, 0x00, 0x00, 0x00, 0x00, 0x00, 0x00, 0x03, 0x00, 0x00,
    0x00, 0x00, 0x00, 0x00, 0x00, 0x1F, 0x00, 0x00, 0x00, 0x00, 0x00, 0x00, 0x00, 0x7C, 0x00, 0x00, 0x00, 0x00, 0x00,
    0x00, 0x01, 0xF0, 0x00, 0x00, 0x00, 0x00, 0x00, 0x00, 0x07, 0xC0, 0x00, 0x00, 0x00, 0x00, 0x00, 0x03, 0xFF, 0xF0,
    0x00, 0x00, 0x00, 0x00, 0x00, 0x0F, 0xFF, 0xC0, 0x00, 0x00, 0x00, 0x00, 0x00, 0x3F, 0xFF, 0x00, 0x00, 0x00, 0x00,
    0x00, 0x00, 0x7F, 0xFC, 0x00, 0x00, 0x00, 0x00, 0x00, 0x00, 0x1F, 0x00, 0x00, 0x00, 0x00, 0x00, 0x00, 0x00, 0x7C,
    0x00, 0x00, 0x00, 0x00, 0x00, 0x00, 0x01, 0xF0, 0x00, 0x00, 0x00, 0x00, 0x00, 0x00, 0x7F, 0xF8, 0x00, 0x00, 0x00,
    0x00, 0x00, 0x03, 0xFF, 0xF0, 0x00, 0x00, 0x00, 0x00, 0x00, 0x1F, 0xFF, 0xE0, 0x00, 0x00, 0x00, 0x00, 0x00, 0x7E,
    0x1F, 0x80, 0x00, 0x00, 0x00, 0x00, 0x01, 0xF1, 0x3E, 0x00, 0x00, 0x00, 0x00, 0x3E, 0x07, 0xCE, 0xF8, 0x00, 0x00,
    0x00, 0x07, 0xFF, 0x1F, 0x39, 0xE1, 0xFF, 0x80, 0x00, 0x7F, 0xFF, 0x7C, 0xE7, 0x9F, 0xFF, 0x80, 0x03, 0xFF, 0xFF,
    0xF7, 0x9D, 0xFF, 0xFF, 0x80, 0x3F, 0xFF, 0xFF, 0xCE, 0x7F, 0xFF, 0xFF, 0x01, 0xFF, 0xDF, 0xFF, 0x3B, 0xFF, 0xC7,
    0xFE, 0x07, 0xF0, 0x03, 0xFC, 0xEF, 0xF8, 0x01, 0xF8, 0x3F, 0x82, 0x07, 0xF3, 0xBF, 0xC0, 0x03, 0xF1, 0xF8, 0x7F,
    0x0F, 0xEE, 0xFE, 0x3F, 0x87, 0xE7, 0xE7, 0xFF, 0x1F, 0xBB, 0xF1, 0xFF, 0x8F, 0xBF, 0x1F, 0xFE, 0x3E, 0x5F, 0x8F,
    0xFF, 0x3E, 0xF8, 0xFF, 0xFC, 0x79, 0x7E, 0x7F, 0xFC, 0x7F, 0xE7, 0xFF, 0xF1, 0xE1, 0xF3, 0xFF, 0xF9, 0xFF, 0x9F,
    0xFF, 0xE3, 0xC7, 0xCF, 0xFF, 0xE7, 0xFE, 0x7F, 0xFF, 0x8F, 0x3E, 0x7F, 0xFF, 0x9F, 0xF9, 0xFF, 0xFF, 0x3C, 0xF9,
    0xFF, 0xFE, 0x7F, 0xE7, 0xFF, 0xFC, 0x7B, 0xCF, 0xFF, 0xF8, 0xFF, 0x9F, 0xFF, 0xF1, 0xFF, 0x3F, 0xFF, 0xE7, 0xFE,
    0x7F, 0xFF, 0xE7, 0xFC, 0xFF, 0xFF, 0x9F, 0xF8, 0xFF, 0xFF, 0x9F, 0xF7, 0xFF, 0xFE, 0x7F, 0xE3, 0xFF, 0xFE, 0x3F,
    0x9F, 0xFF, 0xF9, 0xF7, 0xCF, 0xFF, 0xF8, 0xFE, 0x7F, 0xFF, 0xC7, 0xDF, 0x1F, 0xFF, 0xF3, 0xF9, 0xFF, 0xFF, 0x3E,
    0x7C, 0x7F, 0xFF, 0xCF, 0xE7, 0xFF, 0xF8, 0xF8, 0xF8, 0xFF, 0xFF, 0x3F, 0xBF, 0xFF, 0xE7, 0xE3, 0xF1, 0xFF, 0xFC,
    0xFE, 0xFF, 0xFF, 0x3F, 0x07, 0xC7, 0xFF, 0xF3, 0xFB, 0xFF, 0xF8, 0xFC, 0x1F, 0x8F, 0xFF, 0xCF, 0xCF, 0xFF, 0xC7,
    0xE0, 0x3F, 0x1F, 0xFF, 0x3F, 0x3F, 0xFE, 0x3F, 0x80, 0x7E, 0x3F, 0xFC, 0xFC, 0xFF, 0xF9, 0xFC, 0x01, 0xFC, 0xFF,
    0xF1, 0xF3, 0xFF, 0xCF, 0xE0, 0x03, 0xF9, 0xFF, 0xC7, 0xCF, 0xFE, 0x7F, 0x00, 0x07, 0xF3, 0xFF, 0x1F, 0x3F, 0xF3,
    0xFC, 0x00, 0x0F, 0xE0, 0x00, 0x7C, 0x00, 0x1F, 0xE0, 0x00, 0x1F, 0xC0, 0x03, 0xF0, 0x00, 0xFF, 0x00, 0x00, 0x3F,
    0xFF, 0xFF, 0xFF, 0xFF, 0xF8, 0x00, 0x00, 0x7F, 0xFF, 0xFF, 0xFF, 0xFF, 0xC0, 0x00, 0x01, 0xFF, 0xFF, 0xFF, 0xFF,
    0xFE, 0x00, 0x00, 0x03, 0xFF, 0xFF, 0xFF, 0xFF, 0xF0, 0x00, 0x00, 0x0F, 0xFF, 0xFF, 0xFF, 0xFF, 0xC0, 0x00, 0x00,
    0x3F, 0x00, 0x00, 0x00, 0x7F, 0x80, 0x00, 0x00, 0xF8, 0x00, 0x00, 0x00, 0x3E, 0x00, 0x00, 0x03, 0xE0, 0x00, 0x00,
    0x00, 0xF8, 0x00, 0x00, 0x0F, 0x80, 0x00, 0x00, 0x03, 0xE0, 0x00, 0x00, 0x3C, 0x3F, 0xFF, 0xFF, 0x0F, 0x80, 0x00,
    0x00, 0xFF, 0xFF, 0xFF, 0xFF, 0xFE, 0x00, 0x00, 0x07, 0xFF, 0xFF, 0xFF, 0xFF, 0xF8, 0x00, 0x00, 0x1F, 0xFF, 0xFF,
    0xFF, 0xFF, 0xE0, 0x00, 0x00, 0x7F, 0xF0, 0x00, 0x07, 0xFF, 0x80, 0x00, 0x01, 0xF0, 0x00, 0x00, 0x00, 0x7E, 0x00,
    0x00, 0x07, 0xC0, 0x00, 0x00, 0x00, 0xF8, 0x00, 0x00, 0x1F, 0x00, 0x00, 0x00, 0x01, 0xE0, 0x00, 0x00, 0x7C, 0x3F,
    0xFF, 0xFF, 0x07, 0x80, 0x00, 0x01, 0xFF, 0xFF, 0xFF, 0xFF, 0xFE, 0x00, 0x00, 0x07, 0xFF, 0xFF, 0xFF, 0xFF, 0xF8,
    0x00, 0x00, 0x1F, 0xFF, 0xFF, 0xFF, 0xFF, 0xE0, 0x00, 0x00, 0x7F, 0xFF, 0xFF, 0xFF, 0xFF, 0x80, 0x00, 0x01, 0xFF,
    0xFF, 0xFF, 0xFF, 0xFF, 0x00, 0x00, 0x07, 0xFF, 0xFF, 0xFF, 0xFF, 0xFC, 0x00, 0x00, 0x1F, 0xFF, 0xFF, 0xFF, 0xFF,
    0xE0, 0x00, 0x00, 0x00, 0xFF, 0xFF, 0xFF, 0xF0, 0x00, 0x00, 0x00, 0x00, 0x00, 0x00, 0x00, 0x00, 0x00, 0x00, 0x00,
    0x00, 0x00, 0x00, 0x00, 0x3F, 0x80, 0x00, 0x00, 0x00, 0x00, 0x00, 0x00, 0x00, 0x3F, 0xE0, 0x00, 0x00, 0x00, 0x00,
    0x00, 0x00, 0x00, 0x3F, 0xF8, 0x00, 0x00, 0x00, 0x00, 0x00, 0x00, 0x00, 0x1F, 0xFC, 0x00, 0x80, 0x00, 0x00, 0x00,
    0x03, 0xF8, 0x0F, 0xFE, 0x03, 0xF8, 0x00, 0x00, 0x00, 0x03, 0xFE, 0x07, 0xFF, 0x03, 0xFE, 0x00, 0x00, 0x00, 0x03,
    0xFF, 0x83, 0xFF, 0x83, 0xFF, 0x80, 0x00, 0x00, 0x01, 0xFF, 0xC1, 0xFF, 0xC1, 0xFF, 0xC0, 0x00, 0x00, 0x00, 0xFF,
    0xE0, 0x7F, 0xC0, 0xFF, 0xE0, 0x00, 0x00, 0x00, 0x7F, 0xF0, 0x1F, 0xC0, 0x7F, 0xF0, 0x00, 0x00, 0x00, 0x3F, 0xF8,
    0x07, 0xC0, 0x3F, 0xF8, 0x00, 0x00, 0xF8, 0x1F, 0xFC, 0x03, 0xE0, 0x1F, 0xFC, 0x0F, 0xC1, 0xFF, 0x07, 0xFC, 0x01,
    0xF0, 0x07, 0xFC, 0x0F, 0xF0, 0xFF, 0x83, 0xFC, 0x00, 0xF8, 0x01, 0xFC, 0x0F, 0xFC, 0xFF, 0xE0, 0x7E, 0x00, 0x7C,
    0x00, 0xFC, 0x0F, 0xFE, 0x7F, 0xF0, 0x0F, 0x00, 0x3E, 0x00, 0x78, 0x07, 0xFF, 0x3F, 0xF8, 0x07, 0x80, 0x3F, 0x00,
    0x3C, 0x03, 0xFF, 0xDF, 0xFC, 0x03, 0xE0, 0x1F, 0xC0, 0x3E, 0x01, 0xFF, 0xCF, 0xFE, 0x01, 0xF0, 0x0F, 0xE0, 0x1F,
    0x00, 0xFF, 0xE7, 0xFE, 0x00, 0xF8, 0x07, 0xF0, 0x0F, 0x80, 0x3F, 0xF1, 0xFE, 0x00, 0x7E, 0x03, 0xF8, 0x0F, 0xC0,
    0x0F, 0xF0, 0x7F, 0x00, 0x3F, 0x01, 0xFC, 0x07, 0xE0, 0x0F, 0xE0, 0x03, 0xC0, 0x1F, 0xC0, 0xFE, 0x07, 0xF0, 0x07,
    0x80, 0x01, 0xF0, 0x0F, 0xE0, 0xFF, 0x83, 0xF8, 0x07, 0xC0, 0x00, 0xF8, 0x07, 0xF0, 0x7F, 0xC1, 0xFC, 0x03, 0xC0,
    0x00, 0x3E, 0x03, 0xFC, 0x3F, 0xE1, 0xFE, 0x03, 0xE0, 0x00, 0x1F, 0x81, 0xFE, 0x1F, 0xF0, 0xFF, 0x03, 0xF0, 0x00,
    0x07, 0xC0, 0xFF, 0x0F, 0xF8, 0x7F, 0x81, 0xF0, 0x00, 0x03, 0xF0, 0x7F, 0xC7, 0xFC, 0x7F, 0xC1, 0xF8, 0x00, 0x01,
    0xFC, 0x3F, 0xE3, 0xFE, 0x3F, 0xE1, 0xFC, 0x00, 0x00, 0x7E, 0x1F, 0xF3, 0xFF, 0xBF, 0xF0, 0xFC, 0x00, 0x00, 0x3F,
    0x8F, 0xFD, 0xFF, 0xDF, 0xF8, 0xFE, 0x00, 0x00, 0x1F, 0xE7, 0xFE, 0xFF, 0xEF, 0xFC, 0xFF, 0x00, 0x00, 0x07, 0xF3,
    0xFF, 0xFF, 0xFF, 0xFE, 0x7F, 0x00, 0x00, 0x03, 0xFD, 0xFF, 0xFF, 0xFF, 0xFF, 0x7F, 0x80, 0x00, 0x01, 0xFE, 0xFF,
    0xFF, 0xFF, 0xFF, 0x7F, 0xC0, 0x00, 0x00, 0x7F, 0xFF, 0xFF, 0xFF, 0xFF, 0xBF, 0xC0, 0x00, 0x00, 0x3F, 0xFF, 0xFF,
    0xFF, 0xFF, 0xFF, 0xE0, 0x00, 0x00, 0x1F, 0xFF, 0xFF, 0xFF, 0xFF, 0xFF, 0xF0, 0x00, 0x00, 0x07, 0xFF, 0xFF, 0xFF,
    0xFF, 0xFF, 0xF0, 0x00, 0x00, 0x03, 0xFF, 0xFF, 0xFF, 0xFF, 0xFF, 0xF8, 0x00, 0x00, 0x01, 0xFF, 0xFF, 0xFF, 0xFF,
    0xFF, 0xF8, 0x00, 0x00, 0x00, 0x7F, 0xFF, 0xFF, 0xFF, 0xFF, 0xFC, 0x00, 0x00, 0x00, 0x3F, 0xFF, 0xFF, 0xFF, 0xFF,
    0xFE, 0x00, 0x00, 0x00, 0x0F, 0xFF, 0xFF, 0xFF, 0xFF, 0xFE, 0x00, 0x00, 0x00, 0x07, 0xFF, 0xFF, 0xFF, 0xFF, 0xFF,
    0x00, 0x00, 0x00, 0x03, 0xFF, 0xFF, 0xFF, 0xFF, 0xFF, 0x80, 0x00, 0x00, 0x00, 0xFF, 0xFF, 0xFF, 0xFF, 0xFF, 0x80,
    0x00, 0x00, 0x00, 0x7F, 0xF0, 0x00, 0x01, 0xFF, 0xC0, 0x00, 0x00, 0x00, 0x3F, 0x00, 0x00, 0x00, 0x07, 0xE0, 0x00,
    0x00, 0x00, 0x0E, 0x00, 0x00, 0x00, 0x00, 0xF0, 0x00, 0x00, 0x00, 0x07, 0x01, 0xFF, 0xFF, 0x80, 0x78, 0x00, 0x00,
    0x00, 0x03, 0x8F, 0xFF, 0xFF, 0xFE, 0x3C, 0x00, 0x00, 0x00, 0x01, 0xFF, 0xFF, 0xFF, 0xFF, 0xFE, 0x00, 0x00, 0x00,
    0x00, 0xFF, 0xE0, 0x00, 0x07, 0xFF, 0x00, 0x00, 0x00, 0x00, 0x7F, 0x00, 0x00, 0x00, 0x3F, 0x80, 0x00, 0x00, 0x00,
    0x3C, 0x00, 0x00, 0x00, 0x03, 0xC0, 0x00, 0x00, 0x00, 0x1C, 0x07, 0xFF, 0xFF, 0x01, 0xE0, 0x00, 0x00, 0x00, 0x0E,
    0x7F, 0xFF, 0xFF, 0xF8, 0xF0, 0x00, 0x00, 0x00, 0x07, 0xFF, 0xFF, 0xFF, 0xFF, 0xF8, 0x00, 0x00, 0x00, 0x07, 0xFF,
    0x80, 0x00, 0x1F, 0xFC, 0x00, 0x00, 0x00, 0x03, 0xF8, 0x00, 0x00, 0x00, 0xFE, 0x00, 0x00, 0x00, 0x01, 0xE0, 0x00,
    0x00, 0x00, 0x0F, 0x00, 0x00, 0x00, 0x00, 0xF0, 0x1F, 0xFF, 0xFC, 0x07, 0x80, 0x00, 0x00, 0x00, 0x79, 0xFF, 0xFF,
    0xFF, 0xF3, 0xC0, 0x00, 0x00, 0x00, 0x3F, 0xFF, 0xFF, 0xFF, 0xFF, 0xE0, 0x00, 0x00, 0x00, 0x1F, 0xFF, 0xFF, 0xFF,
    0xFF, 0xF0, 0x00, 0x00, 0x00, 0x0F, 0xFF, 0xFF, 0xFF, 0xFF, 0xFC, 0x00, 0x00, 0x00, 0x07, 0xFF, 0xFF, 0xFF, 0xFF,
    0xFE, 0x00, 0x00, 0x00, 0x07, 0xFF, 0xFF, 0xFF, 0xFF, 0xFF, 0x00, 0x00, 0x00, 0x03, 0xFF, 0xFF, 0xFF, 0xFF, 0xFF,
    0x80, 0x00, 0x00, 0x01, 0xFF, 0xFF, 0xFF, 0xFF, 0xFF, 0xC0, 0x00, 0x00, 0x00, 0x3F, 0xFF, 0xFF, 0xFF, 0xFF, 0x00,
    0x00, 0x00, 0x00, 0x00, 0x00, 0x0F, 0x80, 0x00, 0x00, 0x00, 0x00, 0x00, 0x00, 0x00, 0x00, 0x00, 0x00, 0x00, 0x00,
    0x1F, 0xF8, 0x0F, 0xFF, 0xE0, 0x3F, 0xF0, 0x00, 0xFF, 0xC0, 0x7F, 0xFF, 0x01, 0xFF, 0x80, 0x07, 0xFE, 0x03, 0xFF,
    0xF8, 0x0F, 0xFC, 0x00, 0x3F, 0xF0, 0x1F, 0xFF, 0xC0, 0x7F, 0xE0, 0x01, 0xFF, 0x80, 0xFF, 0xFE, 0x03, 0xFF, 0x00,
    0x0F, 0xFF, 0xFF, 0xFF, 0xFF, 0xFF, 0xF8, 0x00, 0x7F, 0xFF, 0xFF, 0xFF, 0xFF, 0xFF, 0xC0, 0x03, 0xFF, 0xFF, 0xFF,
    0xFF, 0xFF, 0xFE, 0x00, 0x1C, 0x00, 0x00, 0x00, 0x00, 0x00, 0x70, 0x00, 0xE0, 0x00, 0x00, 0x00, 0x00, 0x03, 0x80,
    0x07, 0x00, 0x00, 0x00, 0x00, 0x00, 0x1C, 0x00, 0x3F, 0xFF, 0xFF, 0xFF, 0xFF, 0xFF, 0xE0, 0x01, 0xFF, 0xFF, 0xFF,
    0xFF, 0xFF, 0xFF, 0x00, 0x0F, 0xFF, 0xFF, 0xFF, 0xFF, 0xFF, 0xF8, 0x00, 0x07, 0xC0, 0x00, 0x00, 0x00, 0x3C, 0x00,
    0x00, 0x1F, 0x00, 0x00, 0x00, 0x03, 0xC0, 0x00, 0x00, 0x7C, 0x00, 0x00, 0x00, 0x3E, 0x00, 0x00, 0x01, 0xFF, 0xFF,
    0xFF, 0xFF, 0xE0, 0x00, 0x00, 0x07, 0xFF, 0xFF, 0xFF, 0xFE, 0x00, 0x00, 0x00, 0x3F, 0xFF, 0xFF, 0xFF, 0xE0, 0x00,
    0x00, 0x01, 0xFF, 0xFF, 0xFF, 0xFF, 0x00, 0x00, 0x00, 0x0F, 0xFF, 0xFF, 0xFF, 0xF8, 0x00, 0x00, 0x00, 0x7F, 0xFF,
    0xFF, 0xFF, 0xC0, 0x00, 0x00, 0x03, 0xFF, 0xFF, 0xFF, 0xFE, 0x00, 0x00, 0x00, 0x1F, 0xFF, 0xFF, 0xFF, 0xF0, 0x00,
    0x00, 0x00, 0xFF, 0xFF, 0xFF, 0xFF, 0x80, 0x00, 0x00, 0x07, 0xFF, 0xFF, 0xFF, 0xFC, 0x00, 0x00, 0x00, 0x3F, 0xFF,
    0xFF, 0xFF, 0xE0, 0x00, 0x00, 0x01, 0xFF, 0xFF, 0xFF, 0xFF, 0x00, 0x00, 0x00, 0x0F, 0xFF, 0xFF, 0xFF, 0xF8, 0x00,
    0x00, 0x00, 0x7F, 0xFF, 0xFF, 0xFF, 0xC0, 0x00, 0x00, 0x03, 0xFF, 0xFF, 0xFF, 0xFE, 0x00, 0x00, 0x00, 0x1F, 0xFF,
    0xFF, 0xFF, 0xF0, 0x00, 0x00, 0x00, 0xFF, 0xFF, 0xFF, 0xFF, 0x80, 0x00, 0x00, 0x07, 0xFF, 0xFF, 0xFF, 0xFC, 0x00,
    0x00, 0x00, 0x3F, 0xFF, 0xFF, 0xFF, 0xE0, 0x00, 0x00, 0x01, 0xFF, 0xFF, 0xFF, 0xFF, 0x00, 0x00, 0x00, 0x0F, 0xFF,
    0xFF, 0xFF, 0xF8, 0x00, 0x00, 0x00, 0x7F, 0xFF, 0xFF, 0xFF, 0xC0, 0x00, 0x00, 0x03, 0xFF, 0xFF, 0xFF, 0xFE, 0x00,
    0x00, 0x00, 0x1F, 0xFF, 0xFF, 0xFF, 0xF0, 0x00, 0x00, 0x00, 0xFF, 0xFF, 0xFF, 0xFF, 0x80, 0x00, 0x00, 0x07, 0xFF,
    0xFF, 0xFF, 0xFC, 0x00, 0x00, 0x00, 0x3F, 0xFF, 0xFF, 0xFF, 0xE0, 0x00, 0x00, 0x01, 0xFF, 0xFF, 0xFF, 0xFF, 0x00,
    0x00, 0x00, 0x0F, 0xFF, 0xFF, 0xFF, 0xF8, 0x00, 0x00, 0x00, 0x7F, 0xFF, 0xFF, 0xFF, 0xC0, 0x00, 0x00, 0x07, 0xFF,
    0xFF, 0xFF, 0xFF, 0x00, 0x00, 0x00, 0x7F, 0xFF, 0xFF, 0xFF, 0xFC, 0x00, 0x00, 0x07, 0xFF, 0xFF, 0xFF, 0xFF, 0xF0,
    0x00, 0x00, 0xFC, 0x00, 0x00, 0x00, 0x03, 0xC0, 0x00, 0x0F, 0x80, 0x00, 0x00, 0x00, 0x0F, 0x00, 0x00, 0xF8, 0x00,
    0x00, 0x00, 0x00, 0x3C, 0x00, 0x3F, 0xFF, 0xFF, 0xFF, 0xFF, 0xFF, 0xFC, 0x01, 0xFF, 0xFF, 0xFF, 0xFF, 0xFF, 0xFF,
    0xE0, 0x0F, 0xFF, 0xFF, 0xFF, 0xFF, 0xFF, 0xFF, 0x00, 0x78, 0x00, 0x00, 0x00, 0x00, 0x00, 0x78, 0x03, 0xC0, 0x00,
    0x00, 0x00, 0x00, 0x03, 0xC0, 0x1E, 0x00, 0x00, 0x00, 0x00, 0x00, 0x1E, 0x00, 0xF0, 0x00, 0x00, 0x00, 0x00, 0x00,
    0xF0, 0x7F, 0xFF, 0xFF, 0xFF, 0xFF, 0xFF, 0xFF, 0xFF, 0xFF, 0xFF, 0xFF, 0xFF, 0xFF, 0xFF, 0xFF, 0xFF, 0xFF, 0xFF,
    0xFF, 0xFF, 0xFF, 0xFF, 0xFF, 0xF0, 0x00, 0x00, 0x00, 0x00, 0x00, 0x00, 0x7F, 0x80, 0x00, 0x00, 0x00, 0x00, 0x00,
    0x03, 0xFC, 0x00, 0x00, 0x00, 0x00, 0x00, 0x00, 0x1F, 0xE0, 0x00, 0x00, 0x00, 0x00, 0x00, 0x00, 0xFF, 0xFF, 0xFF,
    0xFF, 0xFF, 0xFF, 0xFF, 0xFF, 0xFF, 0xFF, 0xFF, 0xFF, 0xFF, 0xFF, 0xFF, 0xFF, 0xFF, 0xFF, 0xFF, 0xFF, 0xFF, 0xFF,
    0xFF, 0xE0, 0x00, 0x00, 0x00, 0x00, 0x00, 0x00, 0x00, 0x00, 0x00, 0x00, 0x00, 0x00, 0x0F, 0xC0, 0x00, 0x00, 0x00,
    0x00, 0x00, 0x00, 0x00, 0xFF, 0x80, 0x00, 0x00, 0x00, 0x00, 0x00, 0x00, 0x0F, 0xFC, 0x00, 0x00, 0x00, 0x00, 0x00,
    0x00, 0x00, 0x7F, 0xF0, 0x00, 0x00, 0x00, 0x00, 0x00, 0x00, 0x03, 0xFF, 0x80, 0x00, 0x00, 0x00, 0x00, 0x00, 0x00,
    0x1F, 0xFC, 0x00, 0x00, 0x00, 0x00, 0x00, 0x00, 0x00, 0xFF, 0xE0, 0x00, 0x00, 0x00, 0x00, 0x00, 0x00, 0x03, 0xFE,
    0x00, 0x00, 0x00, 0x00, 0x00, 0x00, 0x00, 0x1F, 0xE0, 0x00, 0x00, 0x00, 0x00, 0x00, 0x00, 0x00, 0x7E, 0x00, 0x00,
    0x00, 0x00, 0x00, 0x00, 0x00, 0x03, 0xF0, 0x00, 0x00, 0x00, 0x00, 0x00, 0x00, 0x00, 0xFF, 0xF0, 0x00, 0x00, 0x00,
    0x00, 0x00, 0x00, 0x1F, 0xFF, 0xF0, 0x00, 0x00, 0x00, 0x00, 0x00, 0x01, 0xFF, 0xFF, 0xC0, 0x00, 0x00, 0x00, 0x00,
    0x00, 0x3F, 0xFF, 0xFF, 0x80, 0x00, 0x00, 0x00, 0x00, 0x03, 0xFF, 0xFF, 0xFE, 0x00, 0x00, 0x00, 0x00, 0x00, 0x3F,
    0xFF, 0xFF, 0xF8, 0x00, 0x00, 0x00, 0x00, 0x03, 0xFF, 0xFF, 0xFF, 0xE0, 0x00, 0x00, 0x00, 0x00, 0x3F, 0xFF, 0xFF,
    0xFF, 0x80, 0x00, 0x00, 0x00, 0x03, 0xFF, 0xFF, 0xFF, 0xFE, 0x00, 0x00, 0x00, 0x00, 0x3F, 0xFF, 0xFF, 0xFF, 0xF0,
    0x00, 0x00, 0x00, 0x03, 0xFF, 0xFF, 0xFF, 0xFF, 0xC0, 0x00, 0x00, 0x00, 0x1F, 0xFF, 0xFF, 0xFF, 0xFF, 0x00, 0x00,
    0x00, 0x01, 0xFF, 0xFF, 0x07, 0xFF, 0xF8, 0x00, 0x00, 0x00, 0x0F, 0xFF, 0xF8, 0x3F, 0xFF, 0xE0, 0x00, 0x00, 0x00,
    0x7F, 0xFF, 0xC1, 0xFF, 0xFF, 0x00, 0x00, 0x00, 0x07, 0xFF, 0xFE, 0x0F, 0xFF, 0xF8, 0x00, 0x00, 0x00, 0x3F, 0xFF,
    0xF0, 0x7F, 0xFF, 0xE0, 0x00, 0x00, 0x01, 0xFF, 0xFF, 0x83, 0xFF, 0xFF, 0x00, 0x00, 0x00, 0x0F, 0xFC, 0x00, 0x00,
    0x3F, 0xF8, 0x00, 0x00, 0x00, 0x7F, 0xE0, 0x00, 0x01, 0xFF, 0xC0, 0x00, 0x00, 0x03, 0xFF, 0x00, 0x00, 0x0F, 0xFE,
    0x00, 0x00, 0x00, 0x1F, 0xF8, 0x00, 0x00, 0x7F, 0xF8, 0x00, 0x00, 0x00, 0xFF, 0xFF, 0xC1, 0xFF, 0xFF, 0x80, 0x00,
    0x00, 0x07, 0xFF, 0xFE, 0x0F, 0xFF, 0xFC, 0x00, 0x00, 0x00, 0x3F, 0xFF, 0xF0, 0x7F, 0xFF, 0xE0, 0x00, 0x00, 0x01,
    0xFF, 0xFF, 0x83, 0xFF, 0xFF, 0x00, 0x00, 0x00, 0x0F, 0xFF, 0xFC, 0x1F, 0xFF, 0xF8, 0x00, 0x00, 0x00, 0x7F, 0xFF,
    0xE0, 0xFF, 0xFF, 0xC0, 0x00, 0x00, 0x01, 0xFF, 0xFF, 0xFF, 0xFF, 0xFC, 0x00, 0x00, 0x00, 0x0F, 0xFF, 0xFF, 0xFF,
    0xFF, 0xE0, 0x00, 0x00, 0x00, 0x7F, 0xFF, 0xFF, 0xFF, 0xFE, 0x00, 0x00, 0x00, 0x01, 0xFF, 0xFF, 0xFF, 0xFF, 0xF0,
    0x00, 0x00, 0x00, 0x07, 0xFF, 0xFF, 0xFF, 0xFF, 0x00, 0x00, 0x00, 0x00, 0x3F, 0xFF, 0xFF, 0xFF, 0xF0, 0x00, 0x00,
    0x00, 0x00, 0xFF, 0xFF, 0xFF, 0xFF, 0x80, 0x00, 0x00, 0x00, 0x03, 0xFF, 0xFF, 0xFF, 0xF8, 0x00, 0x00, 0x00, 0x00,
    0x0F, 0xFF, 0xFF, 0xFF, 0x80, 0x00, 0x00, 0x00, 0x00, 0x3F, 0xFC, 0x3F, 0xF8, 0x00, 0x00, 0x00, 0x00, 0x00, 0xF8,
    0x00, 0x0F, 0x80, 0x00, 0x00, 0x00, 0x00, 0x0F, 0x00, 0x00, 0x1E, 0x00, 0x00, 0x00, 0x00, 0x00, 0x78, 0x00, 0x00,
    0xF0, 0x00, 0x00, 0x00, 0x00, 0x03, 0x80, 0x00, 0x07, 0x80, 0x00, 0x00, 0x00, 0x00, 0x3C, 0x00, 0x00, 0x1E, 0x00,
    0x00, 0x00, 0x00, 0x01, 0xE0, 0x1F, 0x00, 0xF0, 0x00, 0x00, 0x00, 0x00, 0x1E, 0x3F, 0xFF, 0xE3, 0x80, 0x00, 0x00,
    0x00, 0x00, 0xFF, 0xFF, 0xFF, 0xFE, 0x00, 0x00, 0x00, 0x00, 0x07, 0xFF, 0xFB, 0xFF, 0xF0, 0x00, 0x00, 0x00, 0x00,
    0x7F, 0x80, 0x00, 0x3F, 0xC0, 0x00, 0x00, 0x00, 0x03, 0xF0, 0x00, 0x00, 0x7E, 0x00, 0x00, 0x00, 0x00, 0x1F, 0xF0,
    0x00, 0x1F, 0xE0, 0x00, 0x00, 0x00, 0x00, 0x3F, 0xFC, 0x3F, 0xFC, 0x00, 0x00, 0x00, 0x00, 0x00, 0x3F, 0xFF, 0xFF,
    0x80, 0x00, 0x00, 0x00, 0x00, 0x00, 0x7F, 0xFF, 0xE0, 0x00, 0x00, 0x00, 0x00, 0x1F, 0x00, 0x1F, 0xE0, 0x03, 0xE0,
    0x00, 0x00, 0x07, 0xFF, 0xF1, 0xF7, 0xCF, 0xFF, 0xE0, 0x00, 0x01, 0xFF, 0xFF, 0xFF, 0xBF, 0xFF, 0xFF, 0xE0, 0x00,
    0x3F, 0xFF, 0xFF, 0xFD, 0xFF, 0xFF, 0xFF, 0xE0, 0x07, 0xFF, 0xFF, 0xFF, 0xEF, 0xFF, 0xFF, 0xFF, 0xC0, 0xFF, 0xFF,
    0xFF, 0xFF, 0x7F, 0xFF, 0xFF, 0xFF, 0x8F, 0xFF, 0xFF, 0xFF, 0xE1, 0xFF, 0xFF, 0xFF, 0xFE, 0xFF, 0xFE, 0x07, 0xFC,
    0x03, 0xFF, 0xC3, 0xFF, 0xFF, 0xFF, 0x00, 0x00, 0x00, 0x00, 0x00, 0x03, 0xFF, 0xFF, 0xC0, 0x00, 0x00, 0x00, 0x00,
    0x00, 0x03, 0xFF, 0xF8, 0x00, 0x00, 0x00, 0x00, 0x00, 0x00, 0x07, 0xFF, 0x80, 0x00, 0x00, 0x00, 0x00, 0x00, 0x00,
    0x0F, 0xF0, 0x00, 0x00, 0x00, 0x00, 0x00, 0x00, 0x00, 0x1C, 0x00, 0x00, 0x00, 0x00, 0x00, 0x00, 0x00, 0x00, 0x40,
    0x00, 0x00, 0x00, 0x10, 0x00, 0x00, 0x00, 0x00, 0x00, 0x00, 0x00, 0x3C, 0x00, 0x00, 0x00, 0x00, 0x00, 0x00, 0x00,
    0x3E, 0x00, 0x00, 0x00, 0x00, 0x00, 0x00, 0x00, 0x3F, 0x00, 0x00, 0x00, 0x00, 0x00, 0x01, 0xE0, 0x3F, 0x80, 0x00,
    0x00, 0x00, 0x00, 0x01, 0xF0, 0x3F, 0x80, 0x00, 0x00, 0x00, 0x00, 0x01, 0xFC, 0x3F, 0x80, 0x00, 0x00, 0x00, 0x00,
    0x01, 0xFE, 0x3F, 0xC0, 0x00, 0x00, 0x00, 0x00, 0x00, 0xFF, 0x7F, 0xC0, 0x00, 0x00, 0x00, 0x00, 0x00, 0x7F, 0xFF,
    0xC0, 0x00, 0x00, 0x00, 0x00, 0x00, 0x7F, 0xFF, 0xF0, 0x00, 0x00, 0x00, 0x00, 0x00, 0x3F, 0xFF, 0xFE, 0x00, 0x00,
    0x00, 0x00, 0x00, 0x3F, 0xFF, 0xFF, 0x00, 0x00, 0x00, 0x00, 0x00, 0xFF, 0xFF, 0xFF, 0xC0, 0x00, 0x00, 0x00, 0x01,
    0xFF, 0xFF, 0xEF, 0xF0, 0x00, 0x00, 0x00, 0x03, 0xFF, 0xFF, 0xF3, 0xF8, 0x00, 0x00, 0x00, 0x07, 0xFF, 0xFF, 0xF0,
    0xFC, 0x00, 0x00, 0x00, 0x0F, 0xFF, 0xFF, 0xFC, 0x7E, 0x00, 0x00, 0x00, 0x0F, 0xFF, 0xFF, 0xFF, 0x1F, 0x00, 0x00,
    0x00, 0x1F, 0xF3, 0xFF, 0xFF, 0x8F, 0x80, 0x00, 0x00, 0x1F, 0xC7, 0xFF, 0xFF, 0xC7, 0xC0, 0x00, 0x00, 0x1F, 0xC7,
    0xFF, 0xFF, 0xE3, 0xE0, 0x00, 0x00, 0x3F, 0x8F, 0xFF, 0xFF, 0xF1, 0xF0, 0x00, 0x00, 0x3F, 0x9F, 0xFF, 0xFF, 0xF8,
    0xF8, 0x00, 0x00, 0x7F, 0xFF, 0xFF, 0xFF, 0xFC, 0x78, 0x00, 0x00, 0x7F, 0xFF, 0xFF, 0xFF, 0xFE, 0x7C, 0x00, 0x00,
    0xFF, 0xFF, 0xFF, 0xFF, 0xFF, 0x3E, 0x00, 0x00, 0xFF, 0xFF, 0xFF, 0xFF, 0xFF, 0x1E, 0x00, 0x01, 0xFF, 0xFF, 0xFF,
    0xFF, 0xFF, 0x9F, 0x00, 0x03, 0xFF, 0xFF, 0xFF, 0xFF, 0xFF, 0xCF, 0x00, 0x03, 0xFF, 0xFF, 0xFF, 0xFF, 0xFF, 0xCF,
    0x80, 0x07, 0xFF, 0xFF, 0xFF, 0xFF, 0xFF, 0xE7, 0x80, 0x07, 0xFF, 0xFF, 0xFF, 0xFF, 0xFF, 0xE7, 0xC0, 0x0F, 0xFF,
    0xFF, 0xFF, 0xFF, 0xFF, 0xF3, 0xC0, 0x0F, 0xFF, 0xFF, 0xFF, 0xFF, 0xFF, 0xF3, 0xE0, 0x1F, 0xFF, 0xFF, 0xFF, 0xFF,
    0xFF, 0xF9, 0xE0, 0x1F, 0xFF, 0xFF, 0xFF, 0xFF, 0xFF, 0xF9, 0xE0, 0x3F, 0xFF, 0xFF, 0xFF, 0xFF, 0xFF, 0xFC, 0xF0,
    0x3F, 0xFF, 0xFF, 0xFF, 0xFF, 0xFF, 0xFC, 0xF0, 0x7F, 0xFF, 0xFF, 0xFF, 0xFF, 0xFF, 0xFC, 0xF0, 0x7F, 0xFF, 0xFF,
    0xFF, 0xFF, 0xFF, 0xFE, 0x78, 0x7F, 0xFF, 0xFF, 0xFE, 0xFF, 0xFF, 0xFE, 0x78, 0xFF, 0xFF, 0xFF, 0xFD, 0xFF, 0xFF,
    0xFE, 0x78, 0xFF, 0xFF, 0xFF, 0xF1, 0xFF, 0xFF, 0xFF, 0x78, 0xFE, 0xFF, 0xFF, 0xE3, 0xFF, 0xFF, 0xFF, 0x3C, 0xFD,
    0xFF, 0xFF, 0x83, 0xFF, 0xFF, 0xFF, 0x3C, 0xFF, 0xFF, 0xFC, 0x07, 0xFF, 0xFF, 0xFF, 0x3C, 0x7F, 0xFF, 0xE0, 0x0F,
    0xFF, 0xFF, 0xFF, 0xBC, 0x7F, 0xFF, 0xC0, 0x1F, 0xFF, 0xFF, 0xFF, 0xBC, 0x3F, 0xFF, 0xC0, 0x1F, 0xFF, 0xFF, 0xFF,
    0x9E, 0x1F, 0xFF, 0x80, 0x3F, 0xFF, 0xFF, 0xFF, 0x9E, 0x0F, 0xFF, 0x80, 0x7F, 0xFF, 0xFF, 0xFF, 0x9E, 0x07, 0xFF,
    0x00, 0xFF, 0xFF, 0xFF, 0xFF, 0x9E, 0x03, 0xDE, 0x00, 0xFF, 0xFF, 0xFF, 0xFF, 0xDE, 0x00, 0x38, 0x01, 0xFF, 0xFF,
    0xFF, 0xFF, 0xDE, 0x00, 0x00, 0x03, 0xFF, 0xFF, 0xFF, 0xFF, 0xDE, 0x00, 0x00, 0x03, 0xFF, 0xFF, 0xFF, 0xFF, 0xDE,
    0x00, 0x00, 0x07, 0xFF, 0xFF, 0xFF, 0xFF, 0xCE, 0x00, 0x00, 0x07, 0xFF, 0xFF, 0xFF, 0xFF, 0xCF, 0x00, 0x00, 0x0F,
    0xFF, 0xFF, 0xFF, 0xFF, 0xCF, 0x00, 0x00, 0x0F, 0xFF, 0xFF, 0xFF, 0xFF, 0xCF, 0x00, 0x00, 0x0F, 0xFF, 0xFF, 0xFF,
    0xFF, 0xCF, 0x00, 0x00, 0x1F, 0xFF, 0xFF, 0xFF, 0xFF, 0xCF, 0x00, 0x00, 0x1F, 0xFF, 0xFF, 0xFF, 0xFF, 0xCF, 0x00,
    0x00, 0x3F, 0xFF, 0xFF, 0xFF, 0xFF, 0xCF, 0x00, 0x00, 0x3F, 0xFF, 0xFF, 0xFF, 0xFF, 0xCF, 0x00, 0x00, 0x3F, 0xFF,
    0xFF, 0xFF, 0xFF, 0xCF, 0x00, 0x00, 0x3F, 0xFF, 0xFF, 0xFF, 0xFF, 0xCF, 0x00, 0x00, 0x3F, 0xFF, 0xFF, 0xFF, 0xFF,
    0xCE, 0x00, 0x00, 0x7F, 0xFF, 0xFF, 0xFF, 0xFF, 0xCE, 0x00, 0x00, 0x7F, 0xFF, 0xFF, 0xFF, 0xFF, 0xFE, 0x00, 0x00,
    0x7F, 0xFF, 0xFF, 0xFF, 0xFF, 0xFE, 0x00, 0x00, 0x3F, 0xFF, 0xFF, 0xFF, 0xFF, 0xFE, 0x00, 0x00, 0x3F, 0xFF, 0xFF,
    0xFF, 0xFF, 0xFE, 0x00, 0x00, 0x00, 0x03, 0x80, 0x00, 0x00, 0x00, 0x00, 0x00, 0x00, 0x1F, 0xF0, 0x00, 0x00, 0x00,
    0x00, 0x00, 0x00, 0x3F, 0xFC, 0x00, 0x00, 0x00, 0x00, 0x00, 0x00, 0x7F, 0xFE, 0x00, 0x00, 0x00, 0x00, 0x00, 0x00,
    0xFF, 0xFF, 0x00, 0x00, 0x00, 0x00, 0x00, 0x01, 0xFF, 0xFF, 0x00, 0x00, 0x00, 0x00, 0x00, 0x01, 0xFF, 0xFF, 0x80,
    0x00, 0x00, 0x00, 0x00, 0x03, 0xFF, 0xFF, 0x80, 0x00, 0x00, 0x00, 0x00, 0x03, 0xFF, 0xFF, 0x80, 0x00, 0x00, 0x00,
    0x00, 0x03, 0xFF, 0xFF, 0x80, 0x00, 0x00, 0x00, 0x00, 0x03, 0xFF, 0xFF, 0x80, 0x00, 0x00, 0x00, 0x00, 0x03, 0xFF,
    0xFF, 0x80, 0x00, 0x00, 0x00, 0x00, 0x01, 0xFF, 0xFF, 0x80, 0x00, 0x00, 0x00, 0x00, 0x01, 0xFF, 0xFF, 0x00, 0x00,
    0x00, 0x00, 0x00, 0x01, 0xFF, 0xFF, 0x00, 0x00, 0x00, 0x00, 0x00, 0x00, 0xFF, 0xFE, 0x00, 0x00, 0x00, 0x00, 0x00,
    0x00, 0xFF, 0xFE, 0x00, 0x00, 0x00, 0x00, 0x00, 0x01, 0xFF, 0xFF, 0x80, 0x00, 0x00, 0x00, 0x00, 0x07, 0xFF, 0xFF,
    0xC0, 0x00, 0x00, 0x00, 0x00, 0x0F, 0xFF, 0xFF, 0xF0, 0x00, 0x00, 0x00, 0x00, 0x1F, 0xFF, 0xFF, 0xF8, 0x00, 0x00,
    0x00, 0x00, 0x3F, 0xFF, 0xFF, 0xF8, 0x00, 0x00, 0x00, 0x00, 0x3F, 0xFF, 0xFF, 0xFC, 0x00, 0x00, 0x00, 0x00, 0x7F,
    0xFF, 0xFF, 0xFC, 0x00, 0x00, 0x00, 0x00, 0x7F, 0xFF, 0xFF, 0xFE, 0x00, 0x00, 0x00, 0x00, 0xFF, 0xFF, 0xFF, 0xFE,
    0x00, 0x00, 0x00, 0x00, 0xFF, 0xFF, 0xFF, 0xFF, 0x00, 0x00, 0x00, 0x00, 0xFF, 0xFF, 0xFF, 0xFF, 0x00, 0x00, 0x00,
    0x00, 0xFF, 0xFF, 0xFF, 0xFF, 0x00, 0x00, 0x00, 0x00, 0xFF, 0xFF, 0xFF, 0xFF, 0x00, 0x00, 0x00, 0x00, 0xFF, 0xFF,
    0xFF, 0xFF, 0x00, 0x00, 0x00, 0x00, 0xFF, 0xFF, 0xFF, 0xFF, 0x00, 0x00, 0x00, 0x00, 0xFF, 0xFF, 0xFF, 0xFF, 0x00,
    0x00, 0x00, 0x00, 0xFF, 0xFF, 0xFF, 0xFF, 0x00, 0x00, 0x00, 0x00, 0xFF, 0xFF, 0xFF, 0xFF, 0x00, 0x00, 0x00, 0x00,
    0xFF, 0xFF, 0xFF, 0xFE, 0x00, 0x00, 0x00, 0x00, 0x7F, 0xFF, 0xFF, 0xFE, 0x00, 0x00, 0x00, 0x00, 0x7F, 0xFF, 0xFF,
    0xFC, 0x00, 0x00, 0x00, 0x00, 0x3F, 0xFF, 0xFF, 0xFC, 0x00, 0x00, 0x00, 0x00, 0x3F, 0xFF, 0xFF, 0xF8, 0x00, 0x00,
    0x00, 0x00, 0x1F, 0xFF, 0xFF, 0xF8, 0x00, 0x00, 0x00, 0x00, 0x1F, 0xFF, 0xFF, 0xF8, 0x00, 0x00, 0x00, 0x00, 0x7F,
    0xFF, 0xFF, 0xFE, 0x00, 0x00, 0x00, 0x01, 0xFF, 0xFF, 0xFF, 0xFF, 0x80, 0x00, 0x00, 0x07, 0xFF, 0xFF, 0xFF, 0xFF,
    0xC0, 0x00, 0x00, 0x0F, 0xFF, 0xFF, 0xFF, 0xFF, 0xF0, 0x00, 0x00, 0x1F, 0xFF, 0xFF, 0xFF, 0xFF, 0xF8, 0x00, 0x00,
    0x3F, 0xFF, 0xFF, 0xFF, 0xFF, 0xFC, 0x00, 0x00, 0x7F, 0xFF, 0xFF, 0xFF, 0xFF, 0xFE, 0x00, 0x00, 0xFF, 0xFF, 0xFF,
    0xFF, 0xFF, 0xFF, 0x00, 0x01, 0xFF, 0xFF, 0xFF, 0xFF, 0xFF, 0xFF, 0x80, 0x03, 0xFF, 0xFF, 0xFF, 0xFF, 0xFF, 0xFF,
    0xC0, 0x07, 0xFF, 0xFF, 0xFF, 0xFF, 0xFF, 0xFF, 0xC0, 0x07, 0xFF, 0xFF, 0xFF, 0xFF, 0xFF, 0xFF, 0xE0, 0x0F, 0xFF,
    0xFF, 0xFF, 0xFF, 0xFF, 0xFF, 0xF0, 0x0F, 0xFF, 0xFF, 0xFF, 0xFF, 0xFF, 0xFF, 0xF0, 0x1F, 0xFF, 0xFF, 0xFF, 0xFF,
    0xFF, 0xFF, 0xF8, 0x1F, 0xFF, 0xFF, 0xFF, 0xFF, 0xFF, 0xFF, 0xF8, 0x3F, 0xFF, 0xFF, 0xFF, 0xFF, 0xFF, 0xFF, 0xFC,
    0x3F, 0xFF, 0xFF, 0xFF, 0xFF, 0xFF, 0xFF, 0xFC, 0x7F, 0xFF, 0xFF, 0xFF, 0xFF, 0xFF, 0xFF, 0xFC, 0x7F, 0xFF, 0xFF,
    0xFF, 0xFF, 0xFF, 0xFF, 0xFE, 0x7F, 0xFF, 0xFF, 0xFF, 0xFF, 0xFF, 0xFF, 0xFE, 0x7F, 0xFF, 0xFF, 0xFF, 0xFF, 0xFF,
    0xFF, 0xFE, 0xFF, 0xFF, 0xFF, 0xFF, 0xFF, 0xFF, 0xFF, 0xFE, 0xFF, 0xFF, 0xFF, 0xFF, 0xFF, 0xFF, 0xFF, 0xFF, 0xFF,
    0xFF, 0xFF, 0xFF, 0xFF, 0xFF, 0xFF, 0xFF, 0xFF, 0xFF, 0xFF, 0xFF, 0xFF, 0xFF, 0xFF, 0xFF, 0xFF, 0xFF, 0xFF, 0xFF,
    0xFF, 0xFF, 0xFF, 0xFF, 0xFF, 0xFF, 0xFF, 0xFF, 0xFF, 0xFF, 0xFF, 0xFF, 0xFF, 0xFF, 0xFF, 0xFF, 0xFF, 0xFF, 0xFF,
    0xFF, 0xFF, 0xFF, 0xFF, 0xFF, 0xFF, 0xFF, 0xFF, 0xFF, 0xFF, 0xFF, 0xFF, 0xFF, 0xFF, 0xFF, 0xFF, 0xFF, 0xFF, 0xFF,
    0xFF, 0xFF, 0xFF, 0xFF, 0xFF, 0xFF, 0x00, 0x00, 0x00, 0x00, 0x00, 0x00, 0x01, 0xFF, 0xFF, 0xFF, 0xFF, 0xFF, 0xFF,
    0xFF, 0xFF, 0xFF, 0xFF, 0xFF, 0xFF, 0xFF, 0xFF, 0xFF, 0xFF, 0xFF, 0xFF, 0xFF, 0xFF, 0xFF, 0xFF, 0xFF, 0xFF, 0xFF,
    0xFF, 0xFF, 0xFF, 0x00, 0x00, 0x00, 0x00, 0x00, 0x03, 0xFE, 0x00, 0x00, 0x00, 0x00, 0x00, 0x07, 0xFC, 0x00, 0x00,
    0x00, 0x00, 0x00, 0x0F, 0xF8, 0x00, 0x00, 0x00, 0x00, 0x00, 0x1F, 0xF0, 0x00, 0x00, 0x00, 0x00, 0x00, 0x3F, 0xE0,
    0x00, 0x00, 0x00, 0x00, 0x00, 0x7F, 0xC0, 0x00, 0x00, 0x00, 0x00, 0x00, 0xFF, 0x80, 0x00, 0x00, 0x00, 0x00, 0x01,
    0xFF, 0x00, 0x00, 0x00, 0x00, 0x00, 0x03, 0xFE, 0x00, 0x00, 0x00, 0x00, 0x00, 0x07, 0xFC, 0x00, 0x00, 0x00, 0x00,
    0x00, 0x0F, 0xF8, 0x00, 0x00, 0x00, 0x00, 0x00, 0x1F, 0xF0, 0x00, 0x00, 0x00, 0x00, 0x00, 0x3F, 0xE0, 0x00, 0x00,
    0x00, 0x00, 0x00, 0x7F, 0xC0, 0x00, 0x00, 0x00, 0x00, 0x00, 0xFF, 0x80, 0x00, 0x00, 0x00, 0x00, 0x01, 0xFF, 0x00,
    0x00, 0x00, 0x00, 0x00, 0x03, 0xFE, 0x00, 0x00, 0x00, 0x00, 0x00, 0x07, 0xFC, 0x00, 0x00, 0x00, 0x00, 0x00, 0x0F,
    0xF8, 0x00, 0x00, 0xFC, 0x00, 0x00, 0x1F, 0xF0, 0x00, 0x03, 0xFC, 0x00, 0x00, 0x3F, 0xE0, 0x00, 0x0F, 0xFC, 0x00,
    0x00, 0x7F, 0xC0, 0x00, 0x1F, 0xF8, 0x00, 0x00, 0xFF, 0x80, 0x00, 0x3F, 0xF0, 0x00, 0x01, 0xFF, 0x00, 0x00, 0x7F,
    0xE0, 0x00, 0x03, 0xFE, 0x00, 0x00, 0xFF, 0xC0, 0x00, 0x07, 0xFC, 0x00, 0x01, 0xFF, 0x80, 0x00, 0x0F, 0xF8, 0x00,
    0x01, 0xFE, 0x00, 0x00, 0x1F, 0xF0, 0x00, 0x01, 0xF8, 0x00, 0x00, 0x3F, 0xE0, 0x00, 0x00, 0x00, 0x00, 0x00, 0x7F,
    0xC0, 0x00, 0x00, 0x00, 0x00, 0x00, 0xFF, 0x80, 0x00, 0x00, 0x00, 0x00, 0x01, 0xFF, 0x00, 0x00, 0x00, 0x00, 0x00,
    0x03, 0xFE, 0x00, 0x00, 0x00, 0x00, 0x00, 0x07, 0xFC, 0x00, 0x00, 0x00, 0x00, 0x00, 0x0F, 0xF8, 0x00, 0x00, 0x00,
    0x00, 0x00, 0x1F, 0xF0, 0x00, 0x00, 0x00, 0x00, 0x00, 0x3F, 0xE0, 0x00, 0x00, 0x00, 0x00, 0x00, 0x7F, 0xC0, 0x00,
    0x00, 0x00, 0x00, 0x00, 0xFF, 0x80, 0x00, 0x00, 0x00, 0x00, 0x01, 0xFF, 0x00, 0x00, 0x00, 0x00, 0x00, 0x03, 0xFE,
    0x00, 0x00, 0x00, 0x00, 0x00, 0x07, 0xFC, 0x00, 0x00, 0x00, 0x00, 0x00, 0x0F, 0xF8, 0x00, 0x00, 0x00, 0x00, 0x00,
    0x1F, 0xF0, 0x00, 0x00, 0x00, 0x00, 0x00, 0x3F, 0xE0, 0x00, 0x00, 0x00, 0x00, 0x00, 0x7F, 0xC0, 0x00, 0x00, 0x00,
    0x00, 0x00, 0xFF, 0xFF, 0xFF, 0xFF, 0xFF, 0xFF, 0xFF, 0xFF, 0xFF, 0xFF, 0xFF, 0xFF, 0xFF, 0xFF, 0xFF, 0xFF, 0xFF,
    0xFF, 0xFF, 0xFF, 0xFF, 0xFF, 0xFF, 0xFF, 0xFF, 0xFF, 0xFF, 0xFF, 0x00, 0x00, 0x00, 0x00, 0x00, 0x00, 0x00, 0x00,
    0x00, 0x00, 0x00, 0x00, 0x00, 0x01, 0xFF, 0xFF, 0xFF, 0xFF, 0xFF, 0xFF, 0xFF, 0xFF, 0xFF, 0xFF, 0xFF, 0xFF, 0xFF,
    0xFF, 0xFF, 0xFF, 0xFF, 0xFF, 0xFF, 0xFF, 0xFF, 0xFF, 0xFF, 0xFF, 0xFF, 0xFF, 0xFF, 0xFF, 0x00, 0x00, 0x00, 0x00,
    0x00, 0x03, 0xFE, 0x00, 0x00, 0x00, 0x00, 0x00, 0x07, 0xFC, 0x00, 0x00, 0x00, 0x00, 0x00, 0x0F, 0xF8, 0x00, 0x00,
    0x00, 0x00, 0x00, 0x1F, 0xF0, 0x00, 0x00, 0x00, 0x00, 0x00, 0x3F, 0xE0, 0x00, 0x00, 0x00, 0x00, 0x00, 0x7F, 0xC0,
    0x00, 0x00, 0x00, 0x00, 0x00, 0xFF, 0x80, 0x7E, 0x00, 0x00, 0x00, 0x01, 0xFF, 0x01, 0xFE, 0x00, 0x00, 0x00, 0x03,
    0xFE, 0x07, 0xFE, 0x00, 0x00, 0x00, 0x07, 0xFC, 0x0F, 0xFC, 0x00, 0x00, 0x00, 0x0F, 0xF8, 0x1F, 0xF8, 0x00, 0x00,
    0x00, 0x1F, 0xF0, 0x3F, 0xF0, 0x00, 0x00, 0x00, 0x3F, 0xE0, 0x7F, 0xE0, 0x00, 0x00, 0x00, 0x7F, 0xC0, 0xFF, 0xC0,
    0x00, 0x00, 0x00, 0xFF, 0x80, 0xFF, 0x00, 0x00, 0x00, 0x01, 0xFF, 0x00, 0xFC, 0x00, 0x00, 0x00, 0x03, 0xFE, 0x00,
    0x00, 0x00, 0x00, 0x00, 0x07, 0xFC, 0x00, 0x00, 0x00, 0x00, 0x00, 0x0F, 0xF8, 0x00, 0x00, 0x00, 0x00, 0x00, 0x1F,
    0xF0, 0x00, 0x00, 0x00, 0x00, 0x00, 0x3F, 0xE0, 0x00, 0x00, 0x00, 0x00, 0x00, 0x7F, 0xC0, 0x00, 0x00, 0x00, 0x00,
    0x00, 0xFF, 0x80, 0x00, 0x00, 0x00, 0x00, 0x01, 0xFF, 0x00, 0x00, 0x00, 0x00, 0x00, 0x03, 0xFE, 0x00, 0x00, 0x00,
    0x00, 0x00, 0x07, 0xFC, 0x00, 0x00, 0x00, 0x00, 0x00, 0x0F, 0xF8, 0x00, 0x00, 0x00, 0x00, 0x00, 0x1F, 0xF0, 0x00,
    0x00, 0x00, 0x00, 0x00, 0x3F, 0xE0, 0x00, 0x00, 0x00, 0x00, 0x00, 0x7F, 0xC0, 0x00, 0x00, 0x00, 0xFC, 0x00, 0xFF,
    0x80, 0x00, 0x00, 0x03, 0xFC, 0x01, 0xFF, 0x00, 0x00, 0x00, 0x0F, 0xFC, 0x03, 0xFE, 0x00, 0x00, 0x00, 0x1F, 0xF8,
    0x07, 0xFC, 0x00, 0x00, 0x00, 0x3F, 0xF0, 0x0F, 0xF8, 0x00, 0x00, 0x00, 0x7F, 0xE0, 0x1F, 0xF0, 0x00, 0x00, 0x00,
    0xFF, 0xC0, 0x3F, 0xE0, 0x00, 0x00, 0x01, 0xFF, 0x80, 0x7F, 0xC0, 0x00, 0x00, 0x01, 0xFE, 0x00, 0xFF, 0x80, 0x00,
    0x00, 0x01, 0xF8, 0x01, 0xFF, 0x00, 0x00, 0x00, 0x00, 0x00, 0x03, 0xFE, 0x00, 0x00, 0x00, 0x00, 0x00, 0x07, 0xFC,
    0x00, 0x00, 0x00, 0x00, 0x00, 0x0F, 0xF8, 0x00, 0x00, 0x00, 0x00, 0x00, 0x1F, 0xF0, 0x00, 0x00, 0x00, 0x00, 0x00,
    0x3F, 0xE0, 0x00, 0x00, 0x00, 0x00, 0x00, 0x7F, 0xC0, 0x00, 0x00, 0x00, 0x00, 0x00, 0xFF, 0xFF, 0xFF, 0xFF, 0xFF,
    0xFF, 0xFF, 0xFF, 0xFF, 0xFF, 0xFF, 0xFF, 0xFF, 0xFF, 0xFF, 0xFF, 0xFF, 0xFF, 0xFF, 0xFF, 0xFF, 0xFF, 0xFF, 0xFF,
    0xFF, 0xFF, 0xFF, 0xFF, 0x00, 0x00, 0x00, 0x00, 0x00, 0x00, 0x00, 0x00, 0x00, 0x00, 0x00, 0x00, 0x00, 0x01, 0xFF,
    0xFF, 0xFF, 0xFF, 0xFF, 0xFF, 0xFF, 0xFF, 0xFF, 0xFF, 0xFF, 0xFF, 0xFF, 0xFF, 0xFF, 0xFF, 0xFF, 0xFF, 0xFF, 0xFF,
    0xFF, 0xFF, 0xFF, 0xFF, 0xFF, 0xFF, 0xFF, 0xFF, 0x00, 0x00, 0x00, 0x00, 0x00, 0x03, 0xFE, 0x00, 0x00, 0x00, 0x00,
    0x00, 0x07, 0xFC, 0x00, 0x00, 0x00, 0x00, 0x00, 0x0F, 0xF8, 0x00, 0x00, 0x00, 0x00, 0x00, 0x1F, 0xF0, 0x00, 0x00,
    0x00, 0x00, 0x00, 0x3F, 0xE0, 0x00, 0x00, 0x00, 0x00, 0x00, 0x7F, 0xC0, 0x00, 0x00, 0x00, 0x00, 0x00, 0xFF, 0x80,
    0x7E, 0x00, 0x00, 0x00, 0x01, 0xFF, 0x01, 0xFE, 0x00, 0x00, 0x00, 0x03, 0xFE, 0x07, 0xFE, 0x00, 0x00, 0x00, 0x07,
    0xFC, 0x0F, 0xFC, 0x00, 0x00, 0x00, 0x0F, 0xF8, 0x1F, 0xF8, 0x00, 0x00, 0x00, 0x1F, 0xF0, 0x3F, 0xF0, 0x00, 0x00,
    0x00, 0x3F, 0xE0, 0x7F, 0xE0, 0x00, 0x00, 0x00, 0x7F, 0xC0, 0xFF, 0xC0, 0x00, 0x00, 0x00, 0xFF, 0x80, 0xFF, 0x00,
    0x00, 0x00, 0x01, 0xFF, 0x00, 0xFC, 0x00, 0x00, 0x00, 0x03, 0xFE, 0x00, 0x00, 0x00, 0x00, 0x00, 0x07, 0xFC, 0x00,
    0x00, 0x00, 0x00, 0x00, 0x0F, 0xF8, 0x00, 0x00, 0x7E, 0x00, 0x00, 0x1F, 0xF0, 0x00, 0x01, 0xFE, 0x00, 0x00, 0x3F,
    0xE0, 0x00, 0x07, 0xFE, 0x00, 0x00, 0x7F, 0xC0, 0x00, 0x0F, 0xFC, 0x00, 0x00, 0xFF, 0x80, 0x00, 0x1F, 0xF8, 0x00,
    0x01, 0xFF, 0x00, 0x00, 0x3F, 0xF0, 0x00, 0x03, 0xFE, 0x00, 0x00, 0x7F, 0xE0, 0x00, 0x07, 0xFC, 0x00, 0x00, 0xFF,
    0xC0, 0x00, 0x0F, 0xF8, 0x00, 0x00, 0xFF, 0x00, 0x00, 0x1F, 0xF0, 0x00, 0x00, 0xF8, 0x00, 0x00, 0x3F, 0xE0, 0x00,
    0x00, 0x00, 0x00, 0x00, 0x7F, 0xC0, 0x00, 0x00, 0x00, 0x7E, 0x00, 0xFF, 0x80, 0x00, 0x00, 0x01, 0xFE, 0x01, 0xFF,
    0x00, 0x00, 0x00, 0x07, 0xFC, 0x03, 0xFE, 0x00, 0x00, 0x00, 0x0F, 0xFC, 0x07, 0xFC, 0x00, 0x00, 0x00, 0x3F, 0xF8,
    0x0F, 0xF8, 0x00, 0x00, 0x00, 0x7F, 0xF0, 0x1F, 0xF0, 0x00, 0x00, 0x00, 0x7F, 0xE0, 0x3F, 0xE0, 0x00, 0x00, 0x00,
    0xFF, 0x80, 0x7F, 0xC0, 0x00, 0x00, 0x00, 0xFE, 0x00, 0xFF, 0x80, 0x00, 0x00, 0x00, 0xF8, 0x01, 0xFF, 0x00, 0x00,
    0x00, 0x00, 0x00, 0x03, 0xFE, 0x00, 0x00, 0x00, 0x00, 0x00, 0x07, 0xFC, 0x00, 0x00, 0x00, 0x00, 0x00, 0x0F, 0xF8,
    0x00, 0x00, 0x00, 0x00, 0x00, 0x1F, 0xF0, 0x00, 0x00, 0x00, 0x00, 0x00, 0x3F, 0xE0, 0x00, 0x00, 0x00, 0x00, 0x00,
    0x7F, 0xC0, 0x00, 0x00, 0x00, 0x00, 0x00, 0xFF, 0xFF, 0xFF, 0xFF, 0xFF, 0xFF, 0xFF, 0xFF, 0xFF, 0xFF, 0xFF, 0xFF,
    0xFF, 0xFF, 0xFF, 0xFF, 0xFF, 0xFF, 0xFF, 0xFF, 0xFF, 0xFF, 0xFF, 0xFF, 0xFF, 0xFF, 0xFF, 0xFF, 0x00, 0x00, 0x00,
    0x00, 0x00, 0x00, 0x00, 0x00, 0x00, 0x00, 0x00, 0x00, 0x00, 0x01, 0xFF, 0xFF, 0xFF, 0xFF, 0xFF, 0xFF, 0xFF, 0xFF,
    0xFF, 0xFF, 0xFF, 0xFF, 0xFF, 0xFF, 0xFF, 0xFF, 0xFF, 0xFF, 0xFF, 0xFF, 0xFF, 0xFF, 0xFF, 0xFF, 0xFF, 0xFF, 0xFF,
    0xFF, 0x00, 0x00, 0x00, 0x00, 0x00, 0x03, 0xFE, 0x00, 0x00, 0x00, 0x00, 0x00, 0x07, 0xFC, 0x00, 0x00, 0x00, 0x00,
    0x00, 0x0F, 0xF8, 0x00, 0x00, 0x00, 0x00, 0x00, 0x1F, 0xF0, 0x00, 0x00, 0x00, 0x00, 0x00, 0x3F, 0xE0, 0x00, 0x00,
    0x00, 0x00, 0x00, 0x7F, 0xC0, 0x00, 0x00, 0x00, 0x00, 0x00, 0xFF, 0x80, 0x7E, 0x00, 0x01, 0xF8, 0x01, 0xFF, 0x01,
    0xFE, 0x00, 0x07, 0xF8, 0x03, 0xFE, 0x07, 0xFE, 0x00, 0x1F, 0xF8, 0x07, 0xFC, 0x0F, 0xFC, 0x00, 0x3F, 0xF0, 0x0F,
    0xF8, 0x1F, 0xF8, 0x00, 0x7F, 0xE0, 0x1F, 0xF0, 0x3F, 0xF0, 0x00, 0xFF, 0xC0, 0x3F, 0xE0, 0x7F, 0xE0, 0x01, 0xFF,
    0x80, 0x7F, 0xC0, 0xFF, 0xC0, 0x03, 0xFF, 0x00, 0xFF, 0x80, 0xFF, 0x00, 0x03, 0xFC, 0x01, 0xFF, 0x00, 0xFC, 0x00,
    0x03, 0xF0, 0x03, 0xFE, 0x00, 0x00, 0x00, 0x00, 0x00, 0x07, 0xFC, 0x00, 0x00, 0x00, 0x00, 0x00, 0x0F, 0xF8, 0x00,
    0x00, 0x00, 0x00, 0x00, 0x1F, 0xF0, 0x00, 0x00, 0x00, 0x00, 0x00, 0x3F, 0xE0, 0x00, 0x00, 0x00, 0x00, 0x00, 0x7F,
    0xC0, 0x00, 0x00, 0x00, 0x00, 0x00, 0xFF, 0x80, 0x00, 0x00, 0x00, 0x00, 0x01, 0xFF, 0x00, 0x00, 0x00, 0x00, 0x00,
    0x03, 0xFE, 0x00, 0x00, 0x00, 0x00, 0x00, 0x07, 0xFC, 0x00, 0x00, 0x00, 0x00, 0x00, 0x0F, 0xF8, 0x00, 0x00, 0x00,
    0x00, 0x00, 0x1F, 0xF0, 0x00, 0x00, 0x00, 0x00, 0x00, 0x3F, 0xE0, 0x00, 0x00, 0x00, 0x00, 0x00, 0x7F, 0xC0, 0x3F,
    0x00, 0x00, 0xFC, 0x00, 0xFF, 0x80, 0xFF, 0x00, 0x03, 0xFC, 0x01, 0xFF, 0x03, 0xFF, 0x00, 0x0F, 0xFC, 0x03, 0xFE,
    0x07, 0xFE, 0x00, 0x1F, 0xF8, 0x07, 0xFC, 0x0F, 0xFC, 0x00, 0x3F, 0xF0, 0x0F, 0xF8, 0x1F, 0xF8, 0x00, 0x7F, 0xE0,
    0x1F, 0xF0, 0x3F, 0xF0, 0x00, 0xFF, 0xC0, 0x3F, 0xE0, 0x3F, 0xE0, 0x01, 0xFF, 0x80, 0x7F, 0xC0, 0x7F, 0x80, 0x01,
    0xFE, 0x00, 0xFF, 0x80, 0x3E, 0x00, 0x01, 0xF8, 0x01, 0xFF, 0x00, 0x00, 0x00, 0x00, 0x00, 0x03, 0xFE, 0x00, 0x00,
    0x00, 0x00, 0x00, 0x07, 0xFC, 0x00, 0x00, 0x00, 0x00, 0x00, 0x0F, 0xF8, 0x00, 0x00, 0x00, 0x00, 0x00, 0x1F, 0xF0,
    0x00, 0x00, 0x00, 0x00, 0x00, 0x3F, 0xE0, 0x00, 0x00, 0x00, 0x00, 0x00, 0x7F, 0xC0, 0x00, 0x00, 0x00, 0x00, 0x00,
    0xFF, 0xFF, 0xFF, 0xFF, 0xFF, 0xFF, 0xFF, 0xFF, 0xFF, 0xFF, 0xFF, 0xFF, 0xFF, 0xFF, 0xFF, 0xFF, 0xFF, 0xFF, 0xFF,
    0xFF, 0xFF, 0xFF, 0xFF, 0xFF, 0xFF, 0xFF, 0xFF, 0xFF, 0x00, 0x00, 0x00, 0x00, 0x00, 0x00, 0x00, 0x00, 0x00, 0x00,
    0x00, 0x00, 0x00, 0x01, 0xFF, 0xFF, 0xFF, 0xFF, 0xFF, 0xFF, 0xFF, 0xFF, 0xFF, 0xFF, 0xFF, 0xFF, 0xFF, 0xFF, 0xFF,
    0xFF, 0xFF, 0xFF, 0xFF, 0xFF, 0xFF, 0xFF, 0xFF, 0xFF, 0xFF, 0xFF, 0xFF, 0xFF, 0x00, 0x00, 0x00, 0x00, 0x00, 0x03,
    0xFE, 0x00, 0x00, 0x00, 0x00, 0x00, 0x07, 0xFC, 0x00, 0x00, 0x00, 0x00, 0x00, 0x0F, 0xF8, 0x00, 0x00, 0x00, 0x00,
    0x00, 0x1F, 0xF0, 0x00, 0x00, 0x00, 0x00, 0x00, 0x3F, 0xE0, 0x00, 0x00, 0x00, 0x00, 0x00, 0x7F, 0xC0, 0x00, 0x00,
    0x00, 0x00, 0x00, 0xFF, 0x80, 0x7E, 0x00, 0x01, 0xF8, 0x01, 0xFF, 0x01, 0xFE, 0x00, 0x07, 0xF8, 0x03, 0xFE, 0x07,
    0xFE, 0x00, 0x1F, 0xF8, 0x07, 0xFC, 0x0F, 0xFC, 0x00, 0x3F, 0xF0, 0x0F, 0xF8, 0x1F, 0xF8, 0x00, 0x7F, 0xE0, 0x1F,
    0xF0, 0x3F, 0xF0, 0x00, 0xFF, 0xC0, 0x3F, 0xE0, 0x7F, 0xE0, 0x01, 0xFF, 0x80, 0x7F, 0xC0, 0xFF, 0xC0, 0x03, 0xFF,
    0x00, 0xFF, 0x80, 0xFF, 0x00, 0x03, 0xFC, 0x01, 0xFF, 0x00, 0xFC, 0x00, 0x03, 0xF0, 0x03, 0xFE, 0x00, 0x00, 0x00,
    0x00, 0x00, 0x07, 0xFC, 0x00, 0x00, 0x00, 0x00, 0x00, 0x0F, 0xF8, 0x00, 0x00, 0xFC, 0x00, 0x00, 0x1F, 0xF0, 0x00,
    0x03, 0xFC, 0x00, 0x00, 0x3F, 0xE0, 0x00, 0x0F, 0xFC, 0x00, 0x00, 0x7F, 0xC0, 0x00, 0x1F, 0xF8, 0x00, 0x00, 0xFF,
    0x80, 0x00, 0x3F, 0xF0, 0x00, 0x01, 0xFF, 0x00, 0x00, 0x7F, 0xE0, 0x00, 0x03, 0xFE, 0x00, 0x00, 0xFF, 0xC0, 0x00,
    0x07, 0xFC, 0x00, 0x01, 0xFF, 0x80, 0x00, 0x0F, 0xF8, 0x00, 0x01, 0xFE, 0x00, 0x00, 0x1F, 0xF0, 0x00, 0x00, 0xF8,
    0x00, 0x00, 0x3F, 0xE0, 0x00, 0x00, 0x00, 0x00, 0x00, 0x7F, 0xC0, 0x3F, 0x00, 0x00, 0xFC, 0x00, 0xFF, 0x80, 0xFF,
    0x00, 0x03, 0xFC, 0x01, 0xFF, 0x03, 0xFF, 0x00, 0x0F, 0xFC, 0x03, 0xFE, 0x07, 0xFE, 0x00, 0x1F, 0xF8, 0x07, 0xFC,
    0x0F, 0xFC, 0x00, 0x3F, 0xF0, 0x0F, 0xF8, 0x1F, 0xF8, 0x00, 0x7F, 0xE0, 0x1F, 0xF0, 0x3F, 0xF0, 0x00, 0xFF, 0xC0,
    0x3F, 0xE0, 0x7F, 0xE0, 0x01, 0xFF, 0x80, 0x7F, 0xC0, 0x7F, 0x80, 0x01, 0xFE, 0x00, 0xFF, 0x80, 0x3E, 0x00, 0x01,
    0xF8, 0x01, 0xFF, 0x00, 0x00, 0x00, 0x00, 0x00, 0x03, 0xFE, 0x00, 0x00, 0x00, 0x00, 0x00, 0x07, 0xFC, 0x00, 0x00,
    0x00, 0x00, 0x00, 0x0F, 0xF8, 0x00, 0x00, 0x00, 0x00, 0x00, 0x1F, 0xF0, 0x00, 0x00, 0x00, 0x00, 0x00, 0x3F, 0xE0,
    0x00, 0x00, 0x00, 0x00, 0x00, 0x7F, 0xC0, 0x00, 0x00, 0x00, 0x00, 0x00, 0xFF, 0xFF, 0xFF, 0xFF, 0xFF, 0xFF, 0xFF,
    0xFF, 0xFF, 0xFF, 0xFF, 0xFF, 0xFF, 0xFF, 0xFF, 0xFF, 0xFF, 0xFF, 0xFF, 0xFF, 0xFF, 0xFF, 0xFF, 0xFF, 0xFF, 0xFF,
    0xFF, 0xFF, 0x00, 0x00, 0x00, 0x00, 0x00, 0x00, 0x00, 0x00, 0x00, 0x00, 0x00, 0x00, 0x00, 0x01, 0xFF, 0xFF, 0xFF,
    0xFF, 0xFF, 0xFF, 0xFF, 0xFF, 0xFF, 0xFF, 0xFF, 0xFF, 0xFF, 0xFF, 0xFF, 0xFF, 0xFF, 0xFF, 0xFF, 0xFF, 0xFF, 0xFF,
    0xFF, 0xFF, 0xFF, 0xFF, 0xFF, 0xFF, 0x00, 0x00, 0x00, 0x00, 0x00, 0x03, 0xFE, 0x00, 0x00, 0x00, 0x00, 0x00, 0x07,
    0xFC, 0x00, 0x00, 0x00, 0x00, 0x00, 0x0F, 0xF8, 0x00, 0x00, 0x00, 0x00, 0x00, 0x1F, 0xF0, 0x00, 0x00, 0x00, 0x00,
    0x00, 0x3F, 0xE0, 0x0F, 0xC0, 0x00, 0x7C, 0x00, 0x7F, 0xC0, 0x3F, 0xC0, 0x03, 0xFC, 0x00, 0xFF, 0x80, 0x7F, 0xC0,
    0x07, 0xFC, 0x01, 0xFF, 0x01, 0xFF, 0x80, 0x1F, 0xF8, 0x03, 0xFE, 0x03, 0xFF, 0x00, 0x3F, 0xF0, 0x07, 0xFC, 0x07,
    0xFE, 0x00, 0x7F, 0xE0, 0x0F, 0xF8, 0x0F, 0xFC, 0x00, 0xFF, 0xC0, 0x1F, 0xF0, 0x0F, 0xF8, 0x01, 0xFF, 0x80, 0x3F,
    0xE0, 0x1F, 0xE0, 0x01, 0xFE, 0x00, 0x7F, 0xC0, 0x1F, 0x80, 0x01, 0xF8, 0x00, 0xFF, 0x80, 0x00, 0x00, 0x00, 0x00,
    0x01, 0xFF, 0x00, 0x00, 0x00, 0x00, 0x00, 0x03, 0xFE, 0x00, 0x00, 0x00, 0x00, 0x00, 0x07, 0xFC, 0x00, 0x00, 0x00,
    0x00, 0x00, 0x0F, 0xF8, 0x03, 0xF0, 0x00, 0x3F, 0x00, 0x1F, 0xF0, 0x0F, 0xF0, 0x00, 0xFF, 0x00, 0x3F, 0xE0, 0x3F,
    0xF0, 0x03, 0xFF, 0x00, 0x7F, 0xC0, 0x7F, 0xE0, 0x07, 0xFE, 0x00, 0xFF, 0x80, 0xFF, 0xC0, 0x0F, 0xFC, 0x01, 0xFF,
    0x01, 0xFF, 0x80, 0x1F, 0xF8, 0x03, 0xFE, 0x03, 0xFF, 0x00, 0x3F, 0xF0, 0x07, 0xFC, 0x07, 0xFC, 0x00, 0x7F, 0xC0,
    0x0F, 0xF8, 0x07, 0xF8, 0x00, 0x7F, 0x80, 0x1F, 0xF0, 0x07, 0xC0, 0x00, 0x7C, 0x00, 0x3F, 0xE0, 0x00, 0x00, 0x00,
    0x00, 0x00, 0x7F, 0xC0, 0x00, 0x00, 0x00, 0x00, 0x00, 0xFF, 0x80, 0x00, 0x00, 0x00, 0x00, 0x01, 0xFF, 0x00, 0x7E,
    0x00, 0x07, 0xE0, 0x03, 0xFE, 0x01, 0xFE, 0x00, 0x1F, 0xE0, 0x07, 0xFC, 0x07, 0xFE, 0x00, 0x7F, 0xE0, 0x0F, 0xF8,
    0x0F, 0xFC, 0x00, 0xFF, 0xC0, 0x1F, 0xF0, 0x1F, 0xF8, 0x01, 0xFF, 0x80, 0x3F, 0xE0, 0x3F, 0xF0, 0x03, 0xFF, 0x00,
    0x7F, 0xC0, 0x7F, 0xE0, 0x07, 0xFE, 0x00, 0xFF, 0x80, 0xFF, 0xC0, 0x0F, 0xFC, 0x01, 0xFF, 0x00, 0xFF, 0x00, 0x0F,
    0xF0, 0x03, 0xFE, 0x00, 0xFC, 0x00, 0x0F, 0xC0, 0x07, 0xFC, 0x00, 0x00, 0x00, 0x00, 0x00, 0x0F, 0xF8, 0x00, 0x00,
    0x00, 0x00, 0x00, 0x1F, 0xF0, 0x00, 0x00, 0x00, 0x00, 0x00, 0x3F, 0xE0, 0x00, 0x00, 0x00, 0x00, 0x00, 0x7F, 0xC0,
    0x00, 0x00, 0x00, 0x00, 0x00, 0xFF, 0xFF, 0xFF, 0xFF, 0xFF, 0xFF, 0xFF, 0xFF, 0xFF, 0xFF, 0xFF, 0xFF, 0xFF, 0xFF,
    0xFF, 0xFF, 0xFF, 0xFF, 0xFF, 0xFF, 0xFF, 0xFF, 0xFF, 0xFF, 0xFF, 0xFF, 0xFF, 0xFF, 0x00, 0x00, 0x00, 0x00, 0x00,
    0x00, 0x00,
};

static const EpdGlyph notosans_48_emojiGlyphs[] = {
    {49, 74, 915, 4, 73, 454, 0},       // 0
    {28, 72, 915, 8, 72, 252, 454},     // 1
    {48, 73, 915, 4, 73, 438, 706},     // 2
    {48, 74, 915, 4, 73, 444, 1144},    // 3
    {54, 72, 915, 2, 72, 486, 1588},    // 4
    {46, 73, 915, 6, 72, 420, 2074},    // 5
    {48, 74, 915, 5, 73, 444, 2494},    // 6
    {49, 72, 915, 4, 72, 441, 2938},    // 7
    {49, 74, 915, 4, 73, 454, 3379},    // 8
    {47, 74, 915, 5, 73, 435, 3833},    // 9
    {56, 31, 1113, 4, 30, 217, 4268},   // U+2190
    {31, 56, 717, 7, 43, 217, 4485},    // U+2191
    {55, 30, 1150, 9, 30, 207, 4702},   // U+2192
    {30, 56, 748, 8, 43, 210, 4909},    // U+2193
    {56, 31, 1166, 7, 30, 217, 5119},   // U+2194
    {31, 56, 784, 9, 43, 217, 5336},    // U+2195
    {43, 44, 1009, 9, 37, 237, 5553},   // U+2196
    {43, 44, 1023, 9, 37, 237, 5790},   // U+2197
    {44, 43, 1001, 7, 36, 237, 6027},   // U+2198
    {44, 44, 1001, 10, 36, 242, 6264},  // U+2199
    {63, 63, 1292, 9, 63, 497, 6506},   // U+25CE
    {78, 78, 1526, 9, 67, 761, 7003},   // U+25EF
    {62, 78, 1250, 9, 63, 605, 7764},   // U+2654
    {72, 74, 1372, 8, 60, 666, 8369},   // U+2655
    {61, 71, 1270, 10, 56, 542, 9035},  // U+2656
    {68, 79, 1338, 8, 64, 672, 9577},   // U+2657
    {64, 74, 1287, 6, 59, 592, 10249},  // U+2658
    {65, 75, 1336, 8, 60, 610, 10841},  // U+2659
    {62, 78, 1257, 8, 63, 605, 11451},  // U+265A
    {73, 75, 1319, 5, 60, 685, 12056},  // U+265B
    {61, 71, 1230, 7, 56, 542, 12741},  // U+265C
    {69, 79, 1375, 8, 64, 682, 13283},  // U+265D
    {64, 74, 1233, 6, 59, 592, 13965},  // U+265E
    {64, 74, 1221, 6, 59, 592, 14557},  // U+265F
    {55, 57, 1094, 7, 56, 392, 15149},  // U+2680
    {55, 57, 1094, 7, 56, 392, 15541},  // U+2681
    {55, 57, 1094, 7, 56, 392, 15933},  // U+2682
    {55, 57, 1094, 7, 56, 392, 16325},  // U+2683
    {55, 57, 1094, 7, 56, 392, 16717},  // U+2684
    {55, 57, 1094, 7, 56, 392, 17109},  // U+2685
};

static const EpdUnicodeInterval notosans_48_emojiIntervals[] = {
    {0x30, 0x39, 0x0},      {0x2190, 0x2199, 0xA},  {0x25CE, 0x25CE, 0x14},
    {0x25EF, 0x25EF, 0x15}, {0x2654, 0x265F, 0x16}, {0x2680, 0x2685, 0x22},
};

static const EpdFontData notosans_48_emoji = {
    notosans_48_emojiBitmaps,
    notosans_48_emojiGlyphs,
    notosans_48_emojiIntervals,
    6,
    136,
    107,
    -30,
    false,
    nullptr,
    0,
    nullptr,
    nullptr,
    nullptr,
    nullptr,
    0,
    0,
    0,
    0,
    nullptr,
    0,
};
